title,summary,publish_date,positive,neutral,negative
<b>LS</b>家 3세 구본혁 부회장 승진…<b>LS</b> MnM CEO에 구동휘,"LS그룹은 2025년도 임원 인사를 통해 조직 안정화와 신사업 추진을 동시에 도모하고자 합니다. 주력 계열사의 CEO 대부분을 유임시키면서도, 신사업 분야에서는 새로운 성장 동력을 위해 신규 CEO를 선임했습니다. 구본혁 예스코홀딩스 대표이사는 부회장으로 승진하며, 예스코홀딩스를 투자형 지주회사로 전환하는 데 성공했습니다. LS MnM은 이차전지 양극재 핵심 소재 생산을 위해 구동휘 부사장을 CEO로 선임하여 배터리 소재 분야를 주도적으로 이끌 계획입니다. 또한, LS그룹은 R&D 분야 조직 및 인력 강화를 통해 장기적인 미래 성장을 위한 사업가를 육성하고 제조 경쟁력을 강화할 방침입니다.",2024-11-26,0.012447977595729753,0.000846231312607415,0.9867057919502258
<b>LS</b>家 3세 경영 가속화…구동휘 <b>LS</b> MnM CEO 선임,"LS그룹은 3세 경영을 가속화하며, 구본혁 예스코홀딩스 사장과 구본권 LS MnM 전무가 각각 부회장과 부사장으로 승진했다. 이번 인사에서는 조직 안정화를 위해 주력 계열사의 CEO 대부분을 유임시키고, 신사업 분야에서는 새로운 CEO를 선임하여 변화를 꾀했다. 구동휘 LS MnM 부사장은 2차전지 양극재의 핵심 소재를 생산하는 EVBM 프로젝트를 성공적으로 추진하기 위해 CEO로 선임되었다. LS그룹은 배터리, 전기차, 반도체 분야의 신사업을 주도적으로 이끌며, CFE(탄소배출 없는 전력) 비전을 달성하기 위한 핵심 사업들을 추진하고 있다. 또한, R&D 분야 조직 및 인력 강화를 통해 장기적 관점에서 미래성장을 위한 사업가를 육성하고 제조 경쟁력을 강화할 계획이다.",2024-11-26,0.004204661247786135,0.0008434568415395915,0.994951868057251
"<b>LS</b>그룹, 2025년도 임원 인사 단행…<b>LS</b> MnM CEO에 구동휘",LS그룹은 2025년도 임원 인사를 발표했습니다. 구자열 LS 이사회 의장의 장남인 구동휘 LS MnM 대표이사가 최고경영자(CEO)로 선임되었습니다. 이번 인사는 26일 이사회에서 결정되었습니다. 구동휘 대표이사는 LS MnM에서 CEO로서의 역할을 수행하게 됩니다. 이 소식은 LS그룹이 제공한 사진과 함께 보도되었습니다.,2024-11-26,0.20245452164090239,0.003932906361296773,0.7936126072891057
"[단독] <b>LS</b> 3세 구동휘, 경영 전면 나선다…<b>LS</b> MnM CEO 선임 유력","구동휘 LS MnM 최고운영책임자(COO)가 최고경영자(CEO)로 선임되며 LS그룹의 경영 전면에 나서게 되었습니다. LS MnM은 국내 유일의 동제련소를 운영하는 중요한 계열사로, 최근 2차전지 소재 부문에 투자하며 성장 가능성을 높이고 있습니다. LS그룹은 배터리, 전기차, 반도체 중심으로 포트폴리오를 재편하고 있으며, LS MnM은 미래 성장 사업을 주도할 계열사로 주목받고 있습니다. 구동휘 부사장은 LS그룹의 승계 구도에서도 중요한 인물로, 그의 ㈜LS 지분은 구자은 회장에 이어 두 번째로 많습니다. LS MnM은 2027년까지 기업공개(IPO)를 추진할 계획입니다.",2024-11-26,0.000547186512267217,0.00034307984460610894,0.9991097450256348
<b>LS</b> '3세 경영' 강화…<b>LS</b> MnM CEO에 구동휘 선임,"LS그룹은 3세 경영 체제를 강화하고 있으며, 구본혁 예스코홀딩스 대표이사가 부회장으로 승진했습니다. 구자열 LS 이사회 의장의 장남인 구동휘 LS MnM 대표이사는 CEO로 임명되어 경영 전면에 나섭니다. LS그룹은 2025년도 임원 인사를 통해 승진 규모를 최소화하고 조직 안정에 중점을 두었습니다. 이번 인사에서는 총 22명이 승진했으며, 이는 최근 3년 내 최소 규모입니다. LS MnM을 제외한 대부분의 주력 계열사는 현재의 CEO를 유임시켜 조직의 안정성을 유지하고, 신사업 분야에서는 새로운 CEO를 선임하여 변화를 시도했습니다.",2024-11-26,0.3023099843558157,0.005411300461855717,0.692278745683143
"<b>LS</b>그룹, 오너 3세 전면에…구동휘 <b>LS</b> MnM CEO 선임","LS그룹은 최근 이사회를 통해 2025년도 임원 인사를 발표하며, 구동회 LS MnM COO 부사장을 CEO로 선임했습니다. 이번 인사에서는 오너 3세 경영에 힘을 실어주며, 구동회 부사장은 배터리 소재 분야를 이끌게 됩니다. 구본혁 예스코홀딩스 대표이사는 부회장으로 승진했으며, 예스코홀딩스를 투자형 지주회사로 성공적으로 전환한 공로를 인정받았습니다. LS그룹은 또한 글로벌 경쟁력 강화를 위해 LS마린솔루션과 LS빌드윈, LS이모빌리티솔루션에 새로운 CEO를 선임했습니다. LS 관계자는 기존 주력 사업 강화와 신사업 분야 도전을 통해 '양손잡이 경영'을 가속화할 계획이라고 밝혔습니다.",2024-11-26,0.054460587084759024,0.003310979751404375,0.9422284364700317
<b>LS</b>그룹 3세 경영 속도…구본혁 부회장 승진·구동휘 CEO 선임,"LS그룹은 2025년 임원 인사를 통해 경영 불확실성에 대비하여 승진 규모를 최소화했습니다. 구본혁 예스코홀딩스 대표이사는 부회장으로 승진하며, 투자형 지주회사로의 전환을 성공적으로 이끈 공로를 인정받았습니다. 구동휘 LS MnM 부사장은 CEO로 선임되어 배터리 소재 분야를 주도적으로 이끌 예정입니다. LS그룹은 해상 및 육상 케이블 사업 확장과 글로벌 경쟁력 강화를 위해 조직 개편과 R&D 총괄 조직을 신설했습니다. 이를 통해 장기 저성장 국면에서도 기존 사업을 강화하고 신사업에 도전하는 '양손잡이 경영'을 가속화할 계획입니다.",2024-11-26,0.00992349769512657,0.0014392786339158191,0.9886371850967407
<b>LS</b>그룹 3세 전면에…구본혁 부회장·구본규 CEO 선임,"LS그룹은 오너가 3세를 전면에 내세운 2025년도 임원 인사를 발표하며, 조직 안정에 중점을 두고 승진 규모를 최소화했습니다. 주력 계열사의 CEO 대부분을 유임시키고, 신사업 분야에서는 새로운 성장 동력을 위해 신규 CEO를 선임했습니다. 구본혁 예스코홀딩스 대표이사는 부회장으로 승진하며, 자산운용규모 1조원 달성을 목표로 하고 있습니다. LS MnM은 2차전지 양극재 프로젝트를 위해 구동휘 부사장을 CEO로 선임했으며, LS e-Mobility Solutions는 박찬성 전무를 CEO로 임명하여 글로벌 전기차 시장을 공략할 계획입니다. 이번 인사를 통해 LS그룹은 기존 사업을 강화하고 신사업에 도전하는 '양손잡이 경영'을 가속화할 방침입니다.",2024-11-26,0.11986026873346418,0.0032098854513606056,0.8769298195838928
구동휘 <b>LS</b> MnM 부사장 CEO 선임…<b>LS</b> 3세 경영 전면에,"구동휘 부사장이 LS MnM의 CEO로 선임되면서 LS그룹의 3세 경영이 본격화되었습니다. 그는 배터리 소재 분야를 LS MnM의 미래 성장 동력으로 삼고 이를 적극적으로 육성할 계획입니다. LS MnM은 2022년에 일본 JKJS 컨소시엄의 지분을 인수하여 100% 지분을 확보하고 사명을 변경하였습니다. LS그룹은 배터리, 전기차, 반도체 중심으로 사업 포트폴리오를 재편하고 있으며, LS MnM은 2027년까지 기업공개(IPO)를 추진할 예정입니다. 구 부사장은 그룹의 '비전 2030'에 따라 배터리 소재 분야를 주도적으로 이끌어 나갈 것입니다.",2024-11-26,0.0005059039540356025,0.0003024411962542217,0.9991916120052338
"구본혁 부회장 승진·구동휘 CEO 선임…<b>LS</b>그룹, 3세 경영 가속화","LS그룹의 구본혁 예스코홀딩스 대표가 부회장으로 승진하며, 오너 3세 중 처음으로 부회장 자리에 올랐습니다. 구본혁 대표는 예스코홀딩스를 투자형 지주사로 전환한 공로를 인정받았으며, 2030년까지 자산운용규모와 기업가치 1조원을 목표로 하고 있습니다. 구동휘 LS MnM 부사장은 CEO로 선임되어 배터리 소재 분야의 신사업 확장을 주도할 예정입니다. LS MnM은 이차전지 양극재 핵심 소재 프로젝트를 추진 중이며, 2027년부터 울산과 새만금에서 전구체 소재 생산을 계획하고 있습니다. LS그룹은 이번 인사를 통해 미래성장을 위한 사업가 육성과 제조 경쟁력 강화를 목표로 하고 있습니다.",2024-11-26,0.0154479093500413,0.0014141252264380454,0.9831379771232605
<b>LS</b> 오너家 3세 전면에…구본혁 부회장 승진·구동휘 CEO 선임,"LS그룹은 2025년도 임원 인사를 통해 승진 규모를 최소화하고 조직 안정에 중점을 두었습니다. 구본혁 예스코홀딩스 대표이사는 부회장으로 승진했으며, 구동휘 LS MnM 대표이사는 CEO로 선임되었습니다. LS그룹은 신사업 추진력과 R&D 강화를 통해 '양손잡이 경영'을 가속화하고, 배터리 소재 분야 등 핵심 신사업을 주도적으로 이끌 계획입니다. 또한, LS마린솔루션과 LS빌드윈 등은 글로벌 경쟁력 강화를 위해 새로운 CEO를 선임했습니다. LS그룹은 장기적 관점에서 미래 성장을 위한 사업가를 육성하고, 제조 경쟁력을 강화하기 위해 R&D 분야 조직과 인력을 강화할 방침입니다.",2024-11-26,0.10346583080245182,0.005598569559515454,0.8909355938434601
[인사] <b>LS</b>그룹,"LS 그룹의 여러 계열사에서 주요 인사 이동과 승진이 발표되었습니다. LS에서는 이태호가 재경부문장 CFO로, 팽수만이 인사부문장 CHO로 승진하였고, 박진호가 전략금융부문장으로 임명되었습니다. LS전선에서는 이상호가 부사장으로 승진하였으며, 김진구와 강병윤이 상무로 승진하였습니다. LS ELECTRIC에서는 조주현이 자동화솔루션연구소장으로 상무 승진하였고, 김동영과 박진영이 신규 이사로 선임되었습니다. LS MnM에서는 구동휘가 CEO로 선임되었고, 구본권이 부사장으로 승진하였습니다. 예스코홀딩스에서는 구본혁이 부회장으로 승진하였고, 최세영이 전무로 승진하였습니다.",2024-11-26,0.036764598293909025,0.005597599015648787,0.9576377868652344
위기 속 안정 <b>LS</b>그룹 인사...구자은 ‘양손잡이 경영’에 속도,"LS그룹은 내년도 불확실한 경영환경에 대비하기 위해 승진 규모를 최소화하고 조직의 안정을 중시하는 임원인사를 실시했습니다. 구본혁 예스코홀딩스 대표이사는 부회장으로 승진하며, 2030년까지 자산운용규모와 기업가치 1조원 달성을 목표로 하고 있습니다. LS MnM은 구동휘 부사장을 CEO로 선임하여 전기차 배터리 소재 프로젝트에 집중하고 있으며, 새만금과 온산에 대규모 투자를 진행 중입니다. LS마린솔루션과 LS빌드윈은 글로벌 경쟁력 강화를 위해 김병옥 상무를, LS이모빌리티솔루션은 북미 전기차 시장 공략을 위해 박찬성 전무를 CEO로 선임했습니다. LS그룹은 R&D 역량 강화를 위해 R&D 총괄 조직을 신설하고, 기존 사업 강화와 신사업 도전을 통해 '양손잡이 경영'을 가속화할 계획입니다.",2024-11-26,0.036410499134217386,0.005787949947989546,0.9578015327453613
<b>LS</b>그룹 3세 경영 전면에…구본혁 부회장·구동휘 CEO 선임,"LS그룹은 2025년도 임원 인사를 통해 오너 3세인 구본혁과 구동휘를 각각 부회장과 CEO로 임명하며 신사업 추진을 본격화했습니다. 대외 불확실성을 고려하여 주요 계열사 CEO는 유임하고, 승진 인사 규모는 최근 3년 내 최소로 줄였습니다. 구본혁은 예스코홀딩스를 투자형 지주회사로 성공적으로 전환한 공로로 부회장으로 승진했으며, 구동휘는 LS엠앤엠의 CEO로서 2차전지 양극재 생산 프로젝트를 주도할 예정입니다. LS그룹은 배터리 소재 분야를 키우고, 해상 및 육상 케이블 시공 사업을 확장하기 위해 새로운 CEO를 선임했습니다. 또한, 미래 성장을 위한 연구개발(R&D) 강화 기조를 유지하며, 주력 계열사의 R&D 조직 및 인력을 강화할 계획입니다.",2024-11-26,0.0017461746640037746,0.0009472596808336675,0.9973065733909607
[프로필]구동휘 <b>LS</b> MnM 대표이사 CEO 부사장,"LS그룹은 구동휘 LS MnM 부사장을 최고경영자(CEO)로 선임했다. 구동휘 부사장은 LS그룹의 '비전 2030'에서 배터리 소재 분야를 주도적으로 이끌 예정이다. 그는 미국 센터너리대를 졸업하고, LS일렉트릭에서 다양한 경영직을 역임하며 경력을 쌓았다. 구 부사장은 2013년부터 LS일렉트릭에서 전력국내사업부장 이사로 일했으며, 이후 여러 부서에서 중요한 역할을 맡았다. 그의 경력은 LS일렉트릭 비전경영총괄 부사장과 LS MnM COO 부사장을 포함한다.",2024-11-26,0.009630298605770804,0.008017295898753218,0.9823524057865143
"'<b>LS</b> 3세' 구본혁 부회장 승진, 구동휘 <b>LS</b> MnM CEO 선임","LS그룹은 최근 경영환경의 불확실성에 대비하기 위해 2025년도 임원 인사에서 승진 규모를 최소화하고 조직의 안정을 도모했습니다. 오너 3세인 구본혁, 구동휘, 구본권이 경영 전면에 나서며 중장기 전략과 신사업을 진두지휘하게 되었습니다. 구본혁은 예스코홀딩스의 부회장으로 승진하여 투자형 지주회사로의 전환을 성공적으로 이끌었고, 2030년까지 자산운용규모와 기업가치 1조원을 목표로 하고 있습니다. 구동휘는 LS MnM의 CEO로 선임되어 2차전지 양극재의 핵심 소재 생산을 위한 EVBM 프로젝트를 주도할 예정입니다. LS그룹은 이번 인사를 통해 기존 주력 사업을 강화하고 신사업 분야에 도전하는 '양손잡이 경영'을 가속화할 계획입니다.",2024-11-26,0.0014498988457489759,0.0004853528895182535,0.9980647563934326
‘<b>LS</b>그룹 3세’ 구본혁 부회장 승진…<b>LS</b> MnM CEO에 구동휘,"LS그룹은 최근 이사회를 통해 2025년도 임원 인사를 발표하며, 구본혁 예스코홀딩스 대표이사를 부회장으로, 구본권 LS MnM 사업본부장을 부사장으로 승진시켰습니다. 구동휘 LS MnM 부사장은 CEO로 선임되어 LS그룹의 '비전 2030' 핵심 신사업인 배터리 소재 분야를 주도적으로 이끌 예정입니다. LS그룹은 경영 불확실성에 대비해 승진 규모를 최소화하고 조직의 안정성을 강조하는 인사를 단행했습니다. 또한, LS는 R&D 분야의 조직과 인력을 강화하여 장기적인 성장을 위한 사업가를 육성하고 제조 경쟁력을 강화할 계획입니다. 이번 인사를 통해 LS그룹은 기존 주력 사업을 강화하고 신사업 분야에 도전하는 '양손잡이 경영'을 가속화할 방침입니다.",2024-11-26,0.0016372919490095228,0.0013137056666892022,0.9970489978790283
"<b>LS</b>그룹 임원인사...'승진최소화-조직안정' 방점, '3세 경영' 가속","LS그룹은 AI 시대에 맞춰 미래 성장을 다짐하는 'LS Future Day'를 개최하며, 조직 안정과 승진 규모 최소화에 중점을 둔 정기 인사를 단행했습니다. 이번 인사에서는 구본혁 예스코홀딩스 대표가 부회장으로 승진했으며, 이는 예스코홀딩스를 투자형 지주회사로 성공적으로 전환한 공로를 인정받은 결과입니다. LS MnM의 새로운 CEO로는 구동휘 부사장이 선임되었고, 이는 구자열 LS 이사회 의장의 장남입니다. 또한, LS마린솔루션과 LS빌드윈은 김병옥 상무를, LS이모빌리티솔루션은 박찬성 전무를 각각 새로운 CEO로 선임했습니다. LS그룹은 이번 인사를 통해 기존 주력 사업을 강화하고 신사업 분야에 도전하는 '양손잡이 경영'을 가속화할 계획입니다.",2024-11-26,0.1975131824903656,0.0028581336024217307,0.7996286876499653
[프로필] 구동휘 <b>LS</b> MnM 대표이사 CEO 부사장,LS그룹은 내년도 불확실한 경영환경에 대비하기 위해 임원 인사를 단행하며 조직 안정에 중점을 두었습니다. 이번 인사에서 구동휘 LS MnM 부사장이 CEO로 선임되었습니다. 구동휘 부사장은 2차전지 양극재의 핵심 소재를 생산하는 EVBM 프로젝트를 성공적으로 추진할 계획입니다. 그는 그룹의 '비전 2030'의 핵심 신사업인 배터리 소재 분야를 주도적으로 이끌 예정입니다. 구동휘 부사장은 다양한 경력을 통해 LS그룹 내에서 중요한 역할을 맡아왔습니다.,2024-11-26,0.20299718382302673,0.0030651916516944767,0.7939375984016805
"<b>LS</b>, 4개 계열사와 1430억 규모 '브랜드 사용' 계약","LS그룹은 4개 계열사와 총 1430억 원 규모의 브랜드 사용 계약을 체결했습니다. 계약은 LS전선, 엘에스일렉트릭, LS엠앤엠, LS오토모티브테크놀로지스와 진행되었으며, 기간은 2024년 1월 1일부터 2027년 12월 31일까지입니다. LS가 내년에 받을 브랜드 사용료는 총 1432억 원으로, 각 계열사별로 LS전선 297억 원, 엘에스일렉트릭 256억 원, LS엠앤엠 777억 원, LS오토모티브테크놀로지스 102억 원입니다. 브랜드 사용료는 그룹 지주사의 주요 수익원 중 하나로, 매출액에서 광고선전비를 제외한 금액의 0.2%를 기준으로 산정됩니다. 이번 계약은 LS그룹의 브랜드 가치를 높이고, 계열사 간의 협력을 강화하는 데 기여할 것으로 보입니다.",2024-11-26,0.22865742053254506,0.0014627254393417388,0.7698798639699816
[인사]<b>LS</b>그룹,"1. LS 그룹은 여러 계열사에서 주요 임원 인사를 발표했습니다. LS 본사에서는 이태호, 팽수만, 박진호가 상무로 승진했으며, 엄기성이 신규 이사로 선임되었습니다.

2. LS전선에서는 이상호가 부사장으로 승진하고, 김진구, 강병윤, 박승기가 상무로 승진했습니다. LS ELECTRIC에서는 조주현이 상무로 승진하고, 김동영, 박진영, 박우진이 신규 이사로 선임되었습니다.

3. LS MnM에서는 구동휘가 CEO로 선임되었고, 구본권이 부사장으로 승진했습니다. 장원경은 LS MnM으로 이동하여 EVBM사업부장을 맡게 되었습니다.

4. 예스코홀딩스에서는 구본혁이 부회장으로 승진하고, 최세영이 전무로 승진했습니다. 이창우는 예스코홀딩스 사업본부장으로 이동했습니다.

5. LS마린솔루션과 LS빌드윈에서는 김병옥이 CEO로 선임되었고, LS이모빌리티에서는 박찬성이 CEO로 선임되었습니다. LS에코에너지에서는 장동욱이 에너지·통신사업부문장으로 이동했습니다.",2024-11-26,0.09458963322289161,0.0025925958484136077,0.9028177811441392
"<b>LS</b>그룹, 엠앤엠 신규 CEO로 '3세' 구동휘 부사장 선임","LS그룹의 구동휘 부사장이 LS엠앤엠의 CEO로 선임되었으며, 이차전지 소재 분야의 신사업을 주도할 예정이다. 이번 인사는 LS그룹의 'EVBM프로젝트'를 성공적으로 추진하기 위한 결정으로, 구 부사장은 그룹의 '비전 2030'에서 핵심 신사업을 이끌게 된다. LS엠앤엠을 제외한 대부분의 주력 계열사 CEO는 유임되었으며, 조직안정과 신사업 분야의 성장동력을 위한 변화가 일부 이루어졌다. 승진 규모는 최근 3년 중 가장 작으며, 불확실한 경영환경에 대비해 조직안정에 중점을 두었다. 구본혁 예스코홀딩스 대표이사는 부회장으로 승진하였고, 예스코홀딩스를 투자형 지주회사로 전환하여 2030년까지 자산운용 규모와 기업가치 1조원을 목표로 하고 있다.",2024-11-26,0.0825553122733254,0.130098041187739,0.7873466148972511
[인사] <b>LS</b>그룹,"LS그룹은 여러 계열사에서 주요 인사 이동과 승진을 발표했습니다. LS전선에서는 이상호가 부사장으로 승진하고, 김진구, 강병윤, 박승기가 상무로 승진했습니다. LS일렉트릭에서는 조주현이 상무로 승진했으며, 김동영, 박진영, 박우진이 이사로 선임되었습니다. LS MnM에서는 구동휘가 CEO로 선임되었고, 구본권이 부사장으로 승진했습니다. 예스코홀딩스에서는 구본혁이 부회장으로 승진하고, 최세영이 전무로 승진했습니다.",2024-11-26,0.01989318453706801,0.006504531344398856,0.9736022710800171
<b>LS</b>그룹 3세 경영 전면에…구본혁 부회장 승진·구동휘 CEO 선임,"LS그룹은 2025년도 임원 인사를 통해 불확실한 경영환경에 대비하고 조직 안정을 꾀하기 위해 승진 규모를 최소화했습니다. 구본혁 예스코홀딩스 대표이사는 부회장으로 승진했으며, 예스코홀딩스를 투자형 지주회사로 성공적으로 전환시켰습니다. LS MnM은 2차전지 양극재의 핵심 소재를 생산하는 EVBM 프로젝트를 추진하기 위해 구동휘 부사장을 CEO로 선임했습니다. LS그룹은 장기적 관점에서 미래 성장을 위한 사업가를 육성하고, R&D 분야 조직 및 인력 강화를 지속적으로 추진할 계획입니다. 이번 인사를 통해 LS그룹은 기존 주력 사업을 강화하고 신사업 분야에 도전하는 '양손잡이 경영'을 가속화할 방침입니다.",2024-11-26,0.0045484285394195465,0.0015308689791709185,0.9939206957817077
"<b>LS</b>그룹, 임원인사 단행…3세 구동휘, 1년만에 <b>LS</b> MnM CEO 선임","LS그룹의 구동휘 LS MnM COO가 2025년 정기인사에서 CEO로 승진하며, 이는 COO로 승진한 지 1년 만에 이루어진 초고속 승진이다. LS그룹은 불확실한 경영환경에 대비하기 위해 승진 규모를 최소화하고 조직의 안정을 중시하는 인사를 단행했다. 구동휘 부사장은 2차전지 양극재의 핵심 소재를 생산하는 EVBM 프로젝트를 성공적으로 추진하기 위해 CEO로 선임되었으며, 그룹의 '비전 2030'에서 배터리 소재 분야를 주도할 예정이다. 구본혁 예스코홀딩스 대표이사는 부회장으로 승진하며, 예스코홀딩스를 투자형 지주회사로 전환시키고 2030년까지 자산운용규모와 기업가치 1조원 달성을 목표로 하고 있다. LS그룹은 장기적으로 제조 경쟁력을 강화하기 위해 연구개발 총괄 조직 신설 등 인력 강화를 추진할 계획이다.",2024-11-26,0.18930966793559492,0.0034010105708148332,0.8072893254458904
<b>LS</b> 3세 경영 강화…구본혁 부회장 승진·구동휘 <b>LS</b> MnM 대표 선임,"LS그룹은 최근 이사회를 통해 구본혁 예스코홀딩스 사장을 부회장으로 승진시키고, 구동휘 LS MnM 부사장을 CEO로 선임하는 임원 인사를 발표했습니다. 구본혁 부회장은 예스코홀딩스를 투자형 지주회사로 성공적으로 전환시켰으며, 2030년까지 자산운용규모와 기업가치 1조원을 목표로 하고 있습니다. 구동휘 CEO는 전기차 배터리 소재 프로젝트를 성공적으로 추진하기 위해 선임되었으며, 그룹의 '비전 2030'에서 배터리 소재 분야를 주도할 예정입니다. LS그룹은 불확실한 경영 환경에 대비해 승진 규모를 최소화하고 조직 안정을 중시했으며, 일부 계열사에서는 새로운 성장 동력을 위해 신규 CEO를 선임했습니다. 또한, 연구개발 총괄 조직을 신설하여 미래 성장을 위한 사업가 육성과 제조 경쟁력 강화를 추진할 계획입니다.",2024-11-26,0.09790010054421146,0.0013222152396338061,0.9007777214050293
<b>LS</b>家 3세 ‘전면배치’…구본혁 부회장 승진·구동휘 CEO 선임,"LS그룹은 2025년도 임원 인사를 통해 구본혁 예스코홀딩스 대표를 부회장으로 승진시키고, 구동휘 LS MnM 부사장을 CEO로 선임했습니다. 이번 인사는 전 세계 경영환경의 불확실성에 대응하기 위해 최소 규모로 진행되었으며, 조직의 안정성을 유지하면서도 신사업 분야에서는 변화를 주기 위한 전략이 반영되었습니다. 구본혁 부회장은 예스코홀딩스를 투자형 지주회사로 성공적으로 전환시켰다는 평가를 받고 있으며, LS MnM은 2차전지 양극재의 핵심 소재 생산을 위해 구동휘 부사장을 CEO로 선임했습니다. LS그룹은 또한 해상·육상케이블 시공 사업 확장과 글로벌 경쟁력 강화를 위해 김병옥 상무와 박찬성 전무를 각각 신규 CEO로 선임했습니다. 그룹은 연구개발(R&D) 분야 조직과 인력을 강화하고, 기존 주력 사업을 강화하면서 신사업 분야에 도전하는 '양손잡이 경영'을 가속화할 계획입니다.",2024-11-26,0.0007430731105462959,0.0005029488335518787,0.9987539748350779
[인사]<b>LS</b>그룹,"LS 그룹의 여러 계열사에서 주요 인사 이동과 승진이 발표되었습니다. LS에서는 이태호, 팽수만, 박진호가 상무로 승진하였고, 엄기성이 신규 이사로 선임되었습니다. LS전선에서는 이상호가 부사장으로 승진하고, 김진구, 강병윤, 박승기가 상무로 승진했습니다. LS ELECTRIC에서는 조주현이 상무로 승진하고, 김동영, 박진영, 박우진이 신규 이사로 선임되었습니다. LS MnM에서는 구동휘가 CEO로 선임되고, 구본권이 부사장으로 승진하였으며, 장원경이 상무로 승진했습니다.",2024-11-26,0.0010288844932802022,0.002214163274038583,0.9967569231986999
[인사]<b>LS</b>그룹 2025년도 임원인사,"1. LS 그룹의 여러 계열사에서 주요 임원 인사가 이루어졌습니다. LS전선에서는 이상호 부사장이 재경/구매본부장으로 승진하였고, 김진구 상무가 Global HR부문장으로 승진했습니다.
2. LS ELECTRIC에서는 조주현 상무가 자동화솔루션연구소장으로 승진하였으며, 김동영과 박진영이 신규 이사로 선임되었습니다.
3. LS MnM에서는 구동휘 부사장이 CEO로 선임되었고, 구본권이 부사장으로 승진했습니다. 장원경은 LS MnM EVBM사업부장으로 이동 및 승진했습니다.
4. 예스코홀딩스에서는 구본혁이 부회장으로 승진하였고, 최세영이 전무로 승진했습니다. 이창우는 예스코홀딩스 사업본부장으로 이동했습니다.
5. LS e-Mobility Solutions에서는 박찬성이 CEO로 선임되었으며, 슈페리어 에식스에서는 김운용이 신규 이사로 선임되었습니다.",2024-11-26,0.120663554021222,0.0026631346425145036,0.8766732996607769
"<b>LS</b>그룹, 2025년 임원인사…오너家 3세 구본혁 부회장 승진","LS그룹은 2025년도 임원 인사를 통해 불확실한 경영환경에 대비하고 조직의 안정을 추구하기 위해 승진 규모를 최소화했습니다. 주력 계열사의 CEO 대부분을 유임시켜 조직의 안정성을 유지하면서도, 신사업 분야에서는 새로운 성장 동력을 확보하기 위해 신규 CEO를 선임했습니다. 구본혁 예스코홀딩스 대표이사는 부회장으로 승진했으며, LS MnM의 구동휘 부사장은 2차전지 양극재 프로젝트를 이끌기 위해 CEO로 선임되었습니다. LS마린솔루션과 LS이모빌리티솔루션은 각각 해상~육상케이블 사업 확장과 글로벌 전기차 시장 공략을 위해 새로운 CEO를 임명했습니다. LS그룹은 장기적 관점에서 미래 성장을 위한 사업가 육성과 제조 경쟁력 강화를 위해 R&D 분야 조직 및 인력 강화를 지속적으로 추진할 계획입니다.",2024-11-26,0.012336651171790437,0.0021673140348866583,0.9854960322380066
&quot;양손잡이 가속화&quot; 안정 택한 <b>LS</b>그룹 임원 인사…구본혁 사장은 부회장...,"LS그룹은 내년도 불확실한 경영환경에 대비하기 위해 조직 안정에 중점을 두고 임원 인사를 단행했습니다. 대부분의 주력 계열사 CEO를 유임시켜 조직의 안정성을 유지하면서도, 신사업 분야에서는 새로운 성장 동력을 위해 신규 CEO를 선임했습니다. 구본혁 예스코홀딩스 사장은 부회장으로 승진하며, 예스코홀딩스를 투자형 지주회사로 전환하는 데 성공했습니다. LS MnM은 전기차 배터리 소재 프로젝트를 위해 구동휘 부사장을 CEO로 선임했고, LS마린솔루션과 LS이모빌리티솔루션은 각각 김병옥 상무와 박찬성 전무를 신규 CEO로 임명했습니다. LS그룹은 장기적 관점에서 미래 성장을 위한 사업가 육성과 제조 경쟁력 강화를 위해 R&D 분야 조직 및 인력 강화를 지속적으로 추진할 계획입니다.",2024-11-26,0.000494365967460908,0.0004934169759508222,0.9990122079849243
"대한전선-<b>LS</b>전선, '기술 유출 의혹' 신경전…수사도 급물살","LS전선과 대한전선 간의 기술 유출 의혹이 경찰 수사로 인해 긴장감이 고조되고 있습니다. LS전선은 대한전선이 가운건축을 통해 자사의 해저케이블 공장 설계 노하우를 유출했다고 주장하고 있습니다. 대한전선은 경쟁입찰을 통해 가운건축을 선정했으며, 기술 유출은 없었다고 반박하고 있습니다. 양사는 해저케이블 공장 설계가 핵심기술인지 여부를 두고도 의견이 엇갈리고 있습니다. 경찰 수사 결과에 따라 두 회사 중 한 곳은 큰 타격을 받을 가능성이 있으며, 양사는 법적 대응을 예고하고 있습니다.",2024-11-26,0.00030826378788333385,0.003720097162295133,0.9959716200828552
[인사] <b>LS</b>그룹,"LS 그룹의 여러 계열사에서 주요 임원 인사가 발표되었습니다. LS에서는 이태호, 팽수만, 박진호가 상무로 승진하였고, 엄기성이 신규 이사로 선임되었습니다. LS전선에서는 이상호가 부사장으로 승진하고, 김진구, 강병윤, 박승기가 상무로 승진했습니다. LS ELECTRIC에서는 조주현이 상무로 승진하고, 김동영, 박진영, 박우진이 신규 이사로 선임되었습니다. LS MnM에서는 구동휘가 CEO로 선임되고, 구본권이 부사장으로 승진하였으며, 장원경이 LS MnM으로 이동하여 상무로 승진했습니다.",2024-11-26,0.012923627666896208,0.002835425571538508,0.9842409372329712
[인사] <b>LS</b>그룹,"LS 그룹의 여러 계열사에서 주요 인사 이동이 있었습니다. LS에서는 이태호가 재경부문장 최고재무책임자(CFO)로, 팽수만이 인사부문장 최고인사책임자(CHO)로 승진했습니다. LS전선에서는 이상호가 부사장으로 승진하여 재경·구매본부장을 맡게 되었고, 김진구가 글로벌 HR부문장으로 승진했습니다. LS일렉트릭에서는 조주현이 자동화솔루션연구소장으로 승진했으며, 김동영과 박진영이 신규 이사로 선임되었습니다. LS MnM에서는 구동휘가 최고경영자(CEO)로 선임되었고, 구본권이 부사장으로 승진했습니다. 예스코홀딩스에서는 구본혁이 부회장으로 승진하여 대표이사 CEO를 맡게 되었습니다.",2024-11-26,0.001463392203731928,0.001713760134104329,0.996822843949
<b>LS</b> 3세 구본혁 예스코홀딩스 부회장 승진·구동휘 <b>LS</b> MnM CEO 선임…CEO 대...,"LS그룹은 내년 경영환경의 불확실성에 대비해 승진 규모를 최소화하고 조직 안정에 초점을 맞춘 임원 인사를 단행했습니다. 구본혁 예스코홀딩스 대표이사는 부회장으로 승진했으며, 구동휘 LS MnM 부사장은 CEO로 선임되었습니다. 주요 계열사의 비오너 CEO들은 대부분 유임되었으나, 신사업 분야에서는 새로운 성장 동력을 찾기 위해 신규 CEO를 선임했습니다. LS그룹은 2030년까지 그룹 자산을 현재의 두 배인 50조원 이상으로 늘리는 비전을 가지고 있으며, 이를 위해 R&D 조직 및 인력을 강화할 계획입니다. 또한, 기존 주력 사업을 강화하고 신사업 분야에 도전하는 '양손잡이 경영'을 가속화할 방침입니다.",2024-11-26,0.0018740139756118878,0.0009786447451915592,0.9971473217010498
<b>LS</b> 3세 경영 가속 …구본혁·구동휘 전면에,"LS그룹은 불확실한 경영 환경에 대비하기 위해 최소 규모의 승진 인사를 단행하며 조직 안정화에 집중하고 있습니다. 구본혁 예스코홀딩스 대표이사는 부회장으로 승진하며, 예스코홀딩스를 투자형 지주회사로 성공적으로 전환시켰다는 평가를 받고 있습니다. 구동휘 LS MnM 대표이사는 CEO로 승진하여 전기차 배터리 소재 프로젝트를 주도적으로 이끌 예정입니다. LS그룹은 기존 주력 산업을 강화하면서 배터리, 전기차, 반도체 관련 사업을 신성장동력으로 삼아 '양손잡이 경영' 전략을 추진할 계획입니다. 이번 인사는 지난 3년간의 인사 중 최소 규모로, 미래 성장을 위한 사업가 육성과 연구개발 분야 강화를 목표로 하고 있습니다.",2024-11-26,0.1738273809402017,0.0023342961154412477,0.8238382846117019
"<b>LS</b>, 구본혁·구동휘·구본권 승진","LS그룹은 2025년도 임원 인사를 통해 조직 안정에 중점을 두고 최소 규모의 승진을 단행했습니다. 이번 인사에서는 총수 일가의 승진이 두드러졌으며, 구본혁 예스코홀딩스 대표가 부회장으로 승진하여 책임 경영을 강화했습니다. 구본혁 대표는 예스코홀딩스를 투자형 지주사로 전환하고, 2030년까지 자산운용규모와 기업가치 1조원 달성을 목표로 하고 있습니다. 구본혁 대표의 6촌인 구동휘 부사장은 LS MnM CEO로 선임되어 2차전지 양극재 프로젝트를 맡아 그룹의 '비전 2030'을 이끌 예정입니다. 또한, LS그룹은 해상~육상케이블 사업 확장과 글로벌 전기차 시장 공략을 위해 새로운 CEO를 선임하는 등 다양한 분야에서 인사를 단행했습니다.",2024-11-26,0.2486321741831489,0.015199937421130016,0.7361678726971149
"삼성물산·<b>LS</b>일렉, BESS 사업 ‘맞손’","삼성물산 상사부문과 LS일렉트릭이 글로벌 신재생에너지 사업 강화를 위해 협력하기로 했습니다. 이들은 미국에서 500㎿ 규모의 배터리에너지저장장치(BESS) 프로젝트를 공동으로 진행하며, 삼성물산은 개발 분야를, LS일렉트릭은 기술 분야를 담당합니다. 삼성물산은 미국 태양광 사업을 확대하고, 다양한 사업모델을 통해 경쟁력을 강화할 계획입니다. LS일렉트릭은 삼성물산과의 협력을 통해 북미 시장으로 ESS 사업을 확장하고, 글로벌 ESS 종합 솔루션 전문 기업으로 성장하려고 합니다. 이 협력은 LS일렉트릭이 일본과 유럽에 이어 북미 시장으로 진출하는 전략의 일환입니다.",2024-11-26,0.17139376242703291,0.00034194203617516906,0.8282642662525177
<b>LS</b>그룹 2025년도 임원인사 명단,"이 텍스트는 여러 기업의 임원 인사 이동 및 승진에 대한 내용을 담고 있습니다. LS 그룹 내 다양한 부문에서 상무, 부사장, CEO 등의 승진이 이루어졌으며, 신규 이사도 선임되었습니다. LS전선, LS ELECTRIC, LS MnM 등 여러 계열사에서 인사 변화가 있었고, 특히 LS e-Mobility Solutions와 LS마린솔루션·LS빌드윈에서는 CEO가 새로 선임되었습니다. 예스코홀딩스와 예스코에서도 부회장 및 전무 승진이 이루어졌습니다. 각 기업은 이러한 인사 변동을 통해 조직의 전략적 방향성을 강화하고자 하는 것으로 보입니다.",2024-11-26,0.20981151980813592,0.004574864992173388,0.7856136053800583
"<b>LS</b>마린솔루션, 전남해상풍력1단지 해저케이블 시공 완료","LS마린솔루션이 전남 신안군에 위치한 전남해상풍력 1단지의 해저케이블 시공을 완료했습니다. 이 단지는 총 96메가와트의 전력 용량을 갖추고 있으며, 내년 3월 시운전을 마친 뒤 상업 생산에 돌입할 예정입니다. 이번 프로젝트는 LS마린솔루션의 첫 해상풍력 시공 사례로, 국내 해상풍력 시장에서의 기술력과 신뢰성을 입증했습니다. LS마린솔루션은 전남해상풍력 2·3단지와 대만 등 글로벌 시장 진출을 본격화할 계획입니다. 또한, 해상풍력 지원 선박 신사업을 추진하며 세계 최대 규모의 해저케이블 시공 선박을 신규 건조하여 글로벌 시장에서 차별화된 경쟁력을 확보하려고 합니다.",2024-11-26,0.4004369722562842,0.00031447886285604907,0.5992485142778605
"<b>LS</b>마린솔루션, 전남해상풍력1단지 해저케이블 시공 완료","LS마린솔루션은 전남 신안군의 전남해상풍력1단지에서 해저케이블 시공을 완료했습니다. 이번 프로젝트는 LS마린솔루션의 첫 해상풍력 시공 사례로, 이를 통해 국내 시장에서 기술력과 신뢰성을 입증했습니다. 전남해상풍력1단지는 96MW의 전력 용량을 갖추고 있으며, 내년 3월 시운전을 마친 후 상업 생산에 들어갈 예정입니다. 이 단지는 2035년까지 8.2GW 규모로 확대될 세계 최대 해상풍력발전 사업의 첫 번째 프로젝트입니다. LS마린솔루션은 후속 사업과 글로벌 시장 진출을 적극적으로 추진하고 있습니다.",2024-11-26,0.5065288902900648,0.0007643830773304217,0.4927066954027396
"<b>LS</b>마린솔루션, 전남해상풍력단지 해저케이블 시공 완료","LS전선의 자회사인 LS마린솔루션이 전남 신안군에 위치한 전남해상풍력 1단지의 해저케이블 시공을 완료했습니다. 이 프로젝트는 LS마린솔루션의 첫 해상풍력 시공 사례로, 세계 최대 해상풍력발전 사업의 첫 번째 프로젝트입니다. 전남해상풍력 1단지는 총 96메가와트의 전력 용량을 가지며, 내년 3월 시운전을 마치고 상업 생산에 돌입할 예정입니다. 이 단지는 2035년까지 8.2기가와트 규모로 확대될 계획입니다. LS마린솔루션은 전남해상풍력 2·3단지와 대만 등 글로벌 시장으로의 진출을 본격화할 예정입니다.",2024-11-26,0.5317995644756592,0.0008127221110044048,0.46738772076787427
"<b>LS</b>마린솔루션, 전남해상풍력 1단지 해저케이블 시공 완료","LS마린솔루션은 전남해상풍력 1단지의 해저케이블 시공을 성공적으로 완료하며 첫 해상풍력 프로젝트를 마무리했다. 이 단지는 96메가와트의 전력 용량을 갖추고 있으며, 내년 3월 시운전을 거쳐 상업 생산을 시작할 예정이다. 2035년까지 8.2기가와트 규모로 확장되어 세계 최대 해상풍력단지가 될 전망이다. LS마린솔루션은 국내뿐만 아니라 대만 등 해외 시장으로의 진출도 적극적으로 추진하고 있다. 또한, 해상풍력 경쟁력 강화를 위해 '해상풍력 지원 선박' 사업을 진행 중이며, 충남 태안해상풍력 단지의 해저케이블 공급 우선협상 대상자로 선정되었다.",2024-11-26,0.5877644332416821,0.0004394114323076792,0.4117961596697569
"<b>LS</b>마린솔루션, 전남해상풍력 해저케이블 완공…후속 사업 추진","LS마린솔루션은 전남해상풍력1단지의 해저케이블 시공을 완료하며 첫 해상풍력 프로젝트를 성공적으로 마무리했다. 이 프로젝트는 LS마린솔루션의 기술력과 신뢰성을 국내 시장에서 입증하며 글로벌 시장 진출의 기반을 마련했다는 점에서 큰 의미가 있다. 전남해상풍력1단지는 96MW의 전력 용량을 갖추고 있으며, 2035년까지 8.2GW 규모로 확대될 계획이다. LS마린솔루션은 전남해상풍력 2·3단지와 대만 등 글로벌 시장 진출을 적극 추진하고 있으며, 해상풍력 지원 선박 신사업을 통해 경쟁력을 강화하고 있다. 또한, LS전선과 함께 충남 태안해상풍력 단지의 해저케이블 공급 우선협상대상자로 선정되어 통합 솔루션을 제공할 계획이다.",2024-11-26,0.4032804681453854,0.0003223044535843655,0.5963971851626411
[인사] <b>LS</b>그룹,"이 텍스트는 LS 그룹과 그 계열사들의 주요 인사 이동 및 승진 내용을 다루고 있습니다. LS 본사에서는 이태호, 팽수만, 박진호가 상무로 승진하였고, 엄기성이 신규 이사로 선임되었습니다. LS전선에서는 이상호가 부사장으로 승진하였으며, 김진구, 강병윤, 박승기가 상무로 승진했습니다. LS ELECTRIC에서는 조주현이 상무로 승진하였고, 김동영, 박진영, 박우진이 신규 이사로 선임되었습니다. LS MnM에서는 구동휘가 CEO로 선임되었고, 구본권이 부사장으로 승진하였습니다. 예스코홀딩스에서는 구본혁이 부회장으로 승진하였고, 최세영이 전무로 승진하였습니다.",2024-11-26,0.03677190292364685,0.006131411496122989,0.957096685965856
"<b>LS</b>마린솔루션, 전남해상풍력 해저케이블 시공 마무리","LS마린솔루션은 전남해상풍력1단지의 해저케이블 시공을 성공적으로 완료하며 첫 해상풍력 프로젝트를 마무리했습니다. 이 프로젝트는 국내 해상풍력 시장에서 LS마린솔루션의 기술력과 신뢰성을 입증하는 중요한 사례로 평가받고 있습니다. 전남해상풍력1단지는 96㎿의 전력 용량을 갖추고 있으며, 내년 3월부터 상업 생산을 시작할 예정입니다. LS마린솔루션은 LS전선과 협력하여 해저케이블 솔루션 사업을 확장하고 있으며, 충남 태안해상풍력단지의 해저케이블 공급 우선협상대상자로 선정되었습니다. 앞으로 전남해상풍력 2·3단지와 대만을 포함한 글로벌 시장으로의 진출을 적극 추진할 계획입니다.",2024-11-26,0.4808813896495849,0.0009983011943404563,0.5181203009793535
"삼성물산-<b>LS</b> ELECTRIC, 신재생 사업 ‘맞손’","삼성물산 상사부문과 LS일렉트릭은 미국 신재생에너지 사업을 공동으로 추진하기 위해 양해각서(MOU)를 체결했습니다. 이 협업의 첫 프로젝트로 삼성물산이 미국에서 개발 중인 500메가와트 규모의 배터리 에너지 저장장치(BESS) 프로젝트가 선정되었습니다. 삼성물산은 개발 분야를, LS일렉트릭은 전력 솔루션 제공 등 기술 분야를 맡아 시너지를 창출할 계획입니다. 삼성물산은 이번 협업을 통해 미국 태양광 사업의 확장을 모색하며, LS일렉트릭은 북미로 ESS 사업 전선을 넓히고자 합니다. 양사는 글로벌 신재생에너지 사업 영역을 확대하며, 친환경 사업 개발 노력을 지속적으로 이어가고 있습니다.",2024-11-25,0.20023891116725281,0.000175377941923216,0.7995857043890282
"<b>LS</b>마린솔루션, 전남해상풍력 해저케이블 시공 완료","LS마린솔루션이 전남해상풍력1단지의 해저케이블 시공을 완료하며 국내 해상풍력 시장에서의 기술력과 신뢰성을 입증했습니다. 이 프로젝트는 2035년까지 8.2GW 규모로 확대될 세계 최대 해상풍력발전 사업의 첫 번째 단계로, 내년 3월 시운전을 마친 뒤 상업 생산에 돌입할 예정입니다. LS마린솔루션은 전남해상풍력 2·3단지와 대만을 포함한 해외 시장 진출을 적극적으로 추진하고 있으며, 국내 최장 해저케이블 시공 역량을 바탕으로 지속 가능한 성장을 목표로 하고 있습니다. 또한, LS전선과 협력하여 충남 태안해상풍력 단지의 해저케이블 공급 우선협상대상자로 선정되었으며, 설계부터 시공까지 통합 솔루션을 제공할 계획입니다. LS마린솔루션은 해상풍력 경쟁력을 강화하기 위해 SOV 신사업을 추진하고, 세계 최대 규모의 해저케이블 시공 선박 신규 건조를 통해 글로벌 시장에서 차별화된 경쟁력을 확보할 계획입니다.",2024-11-26,0.3947714354668278,0.0002684355931705795,0.6049601072445512
"삼성물산·<b>LS</b>일렉트릭, 美 신재생에너지 '맞손'","삼성물산과 LS일렉트릭이 미국에서 신재생에너지 사업을 추진하기 위해 협력하기로 했다. 양사는 서울에서 글로벌 신사업 개발 공동 추진을 위한 양해각서(MOU)를 체결하고, 합작사를 설립하여 500메가와트 규모의 배터리 에너지 저장 장치(BESS) 프로젝트를 첫 협업 대상으로 선정했다. 삼성물산은 인허가 취득과 개발 분야를, LS일렉트릭은 전력 솔루션 제공 등 기술 분야를 담당하여 시너지 효과를 창출할 계획이다. 이번 협업을 통해 삼성물산은 미국 태양광 사업 확장을 모색하며, 사업권 매각에서 공동 사업 추진으로 영역을 확장하려 한다. 이를 통해 양사는 각자의 전문성과 노하우를 활용하여 프로젝트의 가치를 높이고자 한다.",2024-11-25,0.3997334203333594,0.0001785077518434264,0.6000880947889528
"<b>LS</b>마린솔루션, 전남해상풍력 해저케이블 시공 완료","LS마린솔루션이 전남해상풍력1단지의 해저케이블 시공을 완료하며 국내 해상풍력 시장에서의 기술력과 신뢰성을 입증했다. 이 프로젝트는 LS마린솔루션의 첫 해상풍력 시공 사례로, 글로벌 시장 진출의 중요한 기반을 마련했다는 점에서 큰 의미를 가진다. 전남해상풍력1단지는 96MW의 전력 용량을 갖추고 있으며, 내년 3월 시운전을 마친 뒤 상업 생산에 돌입할 예정이다. LS마린솔루션은 전남해상풍력 2·3단지와 해외 시장 진출을 적극적으로 추진하고 있으며, 국내 최장 해저케이블 시공 역량을 바탕으로 지속 가능한 성장을 도모하고 있다. 또한, LS전선과 함께 충남 태안해상풍력 단지의 해저케이블 공급 우선협상대상자로 선정되어 통합 솔루션을 제공할 계획이다.",2024-11-26,0.270040346623864,0.0006678870879113675,0.7292917429935187
"<b>LS</b>마린솔루션, 전남해상풍력 해저케이블 시공 완료…글로벌 진출 기반 ...","LS마린솔루션은 전남해상풍력1단지의 해저케이블 시공을 완료하며 첫 해상풍력 프로젝트를 성공적으로 마무리했다. 이 프로젝트는 국내 해상풍력 시장에서 LS마린솔루션의 기술력과 신뢰성을 입증하며, 글로벌 시장 진출의 기반을 마련했다는 평가를 받고 있다. 전남해상풍력1단지는 96MW의 전력 용량을 갖추고 있으며, 2035년까지 8.2GW 규모로 확대될 계획이다. LS마린솔루션은 국내외 해상풍력 시장에서의 경쟁력을 강화하기 위해 SOV 신사업과 세계 최대 규모의 해저케이블 시공 선박 건조를 추진하고 있다. 또한, LS전선과 함께 충남 태안해상풍력 단지의 해저케이블 공급 우선협상대상자로 선정되어 통합 솔루션을 제공할 예정이다.",2024-11-26,0.40449223694740793,0.0003432391589740291,0.5951645020395517
"<b>LS</b>마린솔루션, 전남해상풍력1단지 해저케이블 시공 완료","LS마린솔루션이 전남 신안군의 '전남해상풍력1단지'에서 해저케이블 시공을 완료했습니다. 이번 프로젝트는 LS마린솔루션의 첫 해상풍력 시공 사례로, 이를 통해 국내 시장에서 기술력과 신뢰성을 입증했습니다. 전남해상풍력1단지는 96㎿의 전력 용량을 갖추고 있으며, 내년 3월 시운전을 마친 후 상업 생산에 들어갈 예정입니다. 이 단지는 2035년까지 8.2GW 규모로 확대될 세계 최대 해상풍력발전 사업의 첫 번째 프로젝트입니다. LS마린솔루션은 전남해상풍력 2·3단지와 대만을 포함한 글로벌 시장 진출을 적극 추진하고 있습니다.",2024-11-26,0.4989723886246793,0.0007480092637706548,0.5002795804990455
<b>LS</b>家 3세 전면에…구본혁 부회장 승진·구동휘 CEO 선임,"LS그룹은 2025년도 임원 인사를 발표하며, 구본혁 예스코홀딩스 대표이사를 부회장으로 승진시키고 구동휘 LS MnM 부사장을 CEO로 선임했습니다. 이번 인사에서는 총 22명의 임원이 승진했으며, 이는 전년 대비 절반 수준으로, 최근 3년 내 가장 적은 규모입니다. LS그룹은 주력 계열사의 경영진을 대부분 유임시키고, 신사업 분야에서는 새로운 CEO를 선임하여 조직 안정화와 성장 동력 발굴을 동시에 추진하고자 합니다. 특히, LS 오너가 3세들의 승진이 주목받고 있으며, 구본혁은 예스코홀딩스를 투자형 지주회사로 전환한 공로를 인정받아 부회장으로 승진했습니다. LS그룹은 '양손잡이 경영'을 통해 기존 사업을 강화하고 신사업 분야에 도전하며, R&D 조직 강화를 통해 제조 경쟁력을 높일 계획입니다.",2024-11-26,0.20789795369491912,0.0028985861426917836,0.7892034280113875
"<b>LS</b>일렉트릭·삼성물산, 북미 태양광 개발 합작","LS일렉트릭과 삼성물산이 글로벌 신재생에너지 사업을 위해 합작사를 설립하기로 했다. 두 회사는 북미 태양광 개발 산업을 우선적으로 추진하며, 삼성물산은 개발 분야를, LS일렉트릭은 전력 솔루션 제공 등 기술 분야를 담당할 예정이다. 첫 협업 프로젝트로는 삼성물산이 미국 텍사스에서 개발 중인 500메가와트 규모의 에너지저장장치(ESS) 프로젝트가 선정되었다. ESS는 신재생에너지로 생산한 전력을 저장했다가 필요할 때 공급하는 시스템으로, 500메가와트는 미국의 10만 가구가 연간 사용할 수 있는 발전 용량이다. 삼성물산은 이미 캐나다, 호주, 독일 등에서 신재생에너지 사업을 진행 중이며, LS일렉트릭은 일본과 영국에서 ESS 시장을 확대하고 있다.",2024-11-26,0.20022701776761095,0.00016361298767151312,0.7996093881200068
&quot;美 ESS 선점&quot; 삼성물산-<b>LS</b>일렉트릭 맞손,"삼성물산 상사부문과 LS일렉트릭은 글로벌 신재생에너지 사업을 공동으로 추진하기 위해 양해각서(MOU)를 체결하고 합작법인을 설립하기로 했습니다. 이들은 미국에서 개발 중인 500메가와트 규모의 에너지저장장치(BESS) 프로젝트를 첫 협업 대상으로 선정하여, 삼성물산은 개발 분야를, LS일렉트릭은 기술 분야를 담당하며 시너지를 창출할 계획입니다. 삼성물산은 미국 태양광 사업을 확대하고, 사업 모델을 다각화하여 경쟁력을 강화하려고 하며, LS일렉트릭은 북미 시장으로 ESS 전선을 넓혀 글로벌 종합 솔루션 전문 기업으로 성장하려고 합니다. 삼성물산은 이미 미국에서 17.4기가와트의 태양광 및 ESS 개발 안건을 보유하고 있으며, LS일렉트릭은 일본과 유럽에 이어 북미 시장 공략을 가속화하고 있습니다. 양사는 각자의 전문성과 기술력을 바탕으로 글로벌 신재생에너지 시장에서의 입지를 강화하고자 합니다.",2024-11-25,0.19508670251816512,0.0002398810931481421,0.8046734273433686
"삼성물산 상사부문, <b>LS</b>일렉트릭과 美 ESS 프로젝트 공동 추진","삼성물산 상사부문과 LS일렉트릭은 글로벌 신사업개발을 공동으로 추진하기 위해 양해각서를 체결했습니다. 두 회사는 합작사를 설립하고, 삼성물산이 미국에서 개발 중인 500메가와트 규모의 에너지저장장치(ESS) 프로젝트를 첫 협업 대상으로 선정했습니다. 삼성물산은 개발 분야를, LS일렉트릭은 전력솔루션 제공 등 기술 분야를 담당하여 프로젝트의 가치를 제고할 계획입니다. 삼성물산은 미국 태양광 사업을 확대하고, 사업 모델을 다각화하기 위해 파트너와의 공동 사업을 추진할 예정입니다. LS일렉트릭은 이번 협업을 통해 북미 시장으로 ESS 전선을 넓히고, 미국 전력 인프라 시장 공략을 가속화할 계획입니다.",2024-11-25,0.3675993624725379,0.0004916873178444803,0.6319089632481336
"<b>LS</b>일렉트릭-삼성물산, 글로벌 신재생에너지 사업 협력 맞손","LS일렉트릭과 삼성물산이 글로벌 신재생에너지 사업을 위해 협력하기로 했습니다. 두 회사는 미국에서 개발 중인 500메가와트 규모의 에너지저장장치(ESS) 프로젝트를 첫 협업 대상으로 선정했습니다. LS일렉트릭은 기술 분야를, 삼성물산은 개발 분야를 담당하여 프로젝트의 가치를 높일 계획입니다. LS일렉트릭은 이번 협업을 통해 북미 시장으로 ESS 전선을 확대하고, 미국 전력 인프라 시장 공략에 속도를 낼 예정입니다. 삼성물산은 미국 태양광 사업을 본격적으로 확대하고, 사업 모델을 다각화하여 경쟁력을 강화할 계획입니다.",2024-11-25,0.39974833991436753,0.00015919367433525622,0.6000924801221117
"<b>LS</b>일렉트릭, 삼성물산과 '신재생에너지' 사업 협력","LS일렉트릭과 삼성물산이 글로벌 신재생에너지 사업을 위해 협력하여 500메가와트 규모의 에너지저장장치(ESS) 프로젝트를 미국에서 공동으로 진행합니다. 이 프로젝트는 미국 10만 가구가 연간 사용할 수 있는 발전 용량을 제공하며, LS일렉트릭은 전력 솔루션을, 삼성물산은 개발 분야를 담당합니다. 양사는 전문성과 노하우를 바탕으로 시너지를 창출하고, 북미 시장으로 ESS 전선을 확장할 계획입니다. LS일렉트릭은 송변전과 배전 기술력을 통해 미국 전력 인프라 시장을 공략하고자 합니다. 삼성물산은 미국 태양광 사업을 확대하며, 총 17.4기가와트의 태양광 및 ESS 개발 안건을 보유하고 있습니다.",2024-11-25,0.20039112356607802,0.00020989409240428357,0.7993989705108107
&quot;美 ESS사업 확장&quot;… 삼성물산-<b>LS</b>일렉트릭 '신재생 맞손',"삼성물산 상사 부문과 LS일렉트릭은 합작법인을 설립하여 글로벌 신재생에너지 사업을 공동으로 추진하기로 했습니다. 이들은 미국에서 개발 중인 500MW 규모의 에너지저장장치(ESS) 프로젝트를 첫 협업 대상으로 선정하고, 삼성물산은 개발 분야를, LS일렉트릭은 기술 분야를 담당하여 시너지를 창출할 계획입니다. 삼성물산은 미국 태양광 사업을 확대하고, 사업 모델을 다각화하여 경쟁력을 강화하려고 합니다. LS일렉트릭은 삼성물산과의 협업을 통해 북미 시장으로 ESS 사업을 확장하고, 글로벌 ESS 종합 솔루션 전문 기업으로 성장하려는 전략을 세웠습니다. 양사는 각각의 전문성을 바탕으로 글로벌 신재생에너지 시장에서의 입지를 강화하고 있습니다.",2024-11-25,0.1984690500976285,0.0002171975327655673,0.8013137767091394
삼성물산-<b>LS</b>일렉트릭 신재생에너지 ‘맞손’,"삼성물산 상사부문과 LS ELECTRIC이 글로벌 신재생에너지 사업을 공동으로 추진하기 위해 양해각서를 체결했다. 양사는 합작사를 설립하고, 첫 협업 프로젝트로 삼성물산이 미국에서 개발 중인 500MW 규모의 배터리에너지저장장치(BESS) 프로젝트를 선정했다. 삼성물산은 개발 분야를, LS일렉트릭은 전력 솔루션 제공 등 기술 분야를 담당할 예정이다. 삼성물산은 미국 태양광 사업을 확대하고, 사업 모델을 다각화하여 경쟁력을 강화할 계획이다. 현재 삼성물산은 미국에서 총 17.4GW의 태양광 및 ESS 개발 안건을 보유하고 있으며, 호주와 독일 시장에도 진출했다.",2024-11-26,0.19960577035089955,0.000212049248511903,0.80018216855824
"삼성물산-<b>LS</b>일렉트릭, JV 만들고 美 ESS 사업 등 추진","삼성물산 상사부문과 LS일렉트릭은 글로벌 신재생에너지 사업을 위해 합작사를 설립하고 협력하기로 했습니다. 양사는 첫 협업 프로젝트로 미국에서 개발 중인 500MW 규모의 에너지저장장치(BESS) 프로젝트를 선정했습니다. 삼성물산은 개발 분야를, LS일렉트릭은 전력 솔루션 제공 등 기술 분야를 담당하여 시너지를 창출할 계획입니다. 삼성물산은 미국 태양광 사업을 확대하고 사업 모델을 다각화하여 경쟁력을 강화하려고 합니다. LS일렉트릭은 북미 시장으로 전선을 넓히며 글로벌 ESS 종합 솔루션 전문 기업으로 성장할 전략을 세우고 있습니다.",2024-11-25,0.20015527158393526,0.000171858690737281,0.7996729002188658
"삼성물산, <b>LS</b>일렉트릭과 美 ESS 협업…신재생 사업 협력","삼성물산 상사부문과 LS일렉트릭은 글로벌 신재생에너지 사업을 공동으로 추진하기 위해 양해각서(MOU)를 체결했습니다. 양사는 미국에서 개발 중인 500메가와트 규모의 에너지 저장장치(BESS) 프로젝트를 첫 협업 대상으로 선정하고, 삼성물산은 개발 분야를, LS일렉트릭은 전력 솔루션 제공 등 기술 분야를 담당할 예정입니다. 이번 협업은 양사의 전문성과 노하우를 결합하여 시너지를 창출하고, 삼성물산은 미국 태양광 사업의 경쟁력을 강화하며 LS일렉트릭은 북미 시장으로 ESS 전선을 확대할 계획입니다. 삼성물산은 캐나다와 미국에서의 신재생에너지 사업 경험을 바탕으로 글로벌 시장에서의 입지를 강화하고 있으며, LS일렉트릭은 일본과 유럽에 이어 북미 시장에서도 ESS 사업을 확장하고 있습니다. 양사는 이러한 협력을 통해 글로벌 신재생에너지 시장에서의 경쟁력을 높이고, 지속 가능한 에너지 솔루션을 제공하는 데 주력할 것입니다.",2024-11-25,0.19354846570349765,0.0003328506660182029,0.8061186604201793
"삼성물산·<b>LS</b>일렉, 신재생에너지 합작법인 설립","삼성물산 상사부문과 LS일렉트릭이 합작법인을 설립하여 글로벌 신재생에너지 사업을 공동으로 추진하기로 했습니다. 양사는 500㎿ 규모의 에너지저장장치(BESS) 프로젝트를 첫 협업 대상으로 선정하여, 삼성물산이 개발 중인 미국 프로젝트를 함께 진행할 계획입니다. 삼성물산은 개발 분야를, LS일렉트릭은 전력 솔루션 제공 등 기술 분야를 담당하여 프로젝트의 가치를 높일 예정입니다. 이번 협업을 통해 삼성물산은 미국 태양광 사업의 본격적인 확대를 모색하고, 사업 모델을 다각화하여 경쟁력을 강화할 방침입니다. 이를 통해 삼성물산은 기존의 사업권 매각 방식에서 벗어나 파트너와의 공동 사업 추진을 통해 새로운 사업 기회를 창출하려고 합니다.",2024-11-26,0.39922402603551743,0.0001566389139043167,0.6006193436391186
"<b>LS</b>마린솔루션, 전남해상풍력 1단지 해저케이블 시공 완료","LS마린솔루션은 전남해상풍력 1단지의 해저케이블 시공을 성공적으로 완료했습니다. 이번 프로젝트는 LS마린솔루션의 첫 해상풍력 시공으로, LS전선은 이를 통해 국내 해상풍력 시장에서 기술력과 신뢰성을 입증받았습니다. 전남 신안군에 위치한 이 단지는 96메가와트의 전력 용량을 갖추고 있으며, 내년 3월 시운전을 거쳐 상업 생산을 시작할 예정입니다. LS마린솔루션은 또한 충남 태안해상풍력 단지의 해저케이블 공급 우선협상 대상자로 선정되었으며, 해상풍력 지원 선박 사업을 통해 경쟁력을 강화하고 있습니다. 회사는 국내외 시장에서 지속 가능한 성장을 목표로 하고 있으며, 특히 대만 등 글로벌 시장 진출을 적극적으로 추진하고 있습니다.",2024-11-26,0.36724814791814425,0.0010853127678274177,0.6316665569320321
삼성물산·<b>LS</b>일렉트릭 신재생에너지 사업 협력,"삼성물산 상사부문과 LS일렉트릭은 글로벌 신사업 개발을 위해 양해각서(MOU)를 체결하고 협력을 강화하기로 했다. 두 회사는 미국에서 개발 중인 500㎿ 에너지저장장치(ESS) 프로젝트를 첫 협업 대상으로 선정했다. 삼성물산은 프로젝트의 개발 분야를 담당하며, LS일렉트릭은 전력 솔루션 제공 등 기술 분야를 맡는다. 삼성물산은 미국 태양광 사업을 확대하고자 하며, LS일렉트릭은 북미 시장으로 ESS 사업을 확장하여 종합 솔루션 전문 기업으로 성장할 계획이다. 이번 협업은 양사가 신재생에너지 사업을 공동으로 추진하는 중요한 발판이 될 것으로 기대된다.",2024-11-26,0.42549603353545534,0.0008645974303362891,0.5736393273342401
"<b>LS</b>증권, 해외주식 API 이벤트…최대 30만원 현금지급","LS증권은 해외주식 투자자들을 대상으로 'XING API 해외주식 거래 이벤트'를 진행하고 있으며, 최대 30만원의 현금을 지급합니다. XING API는 사용자가 직접 개발한 트레이딩 프로그램을 LS증권 서버와 연결해 실제 매매가 가능하게 해주는 프로그램입니다. 이벤트는 XING API로 하루 30만 달러 이상 거래한 선착순 100명에게 현금 1만원을 지급하며, 최대 30만원까지 받을 수 있습니다. 또한, 이벤트 신청 시 해외주식 거래 수수료가 0.03%로 적용되는 혜택도 제공됩니다. 이벤트는 올해 연말까지 진행되며, LS증권 홈페이지, HTS, MTS를 통해 신청할 수 있습니다.",2024-11-25,0.6006344167282804,0.00011261136532993987,0.39925294791173654
"삼성물산-<b>LS</b>일렉트릭, 합작사 설립…美 ESS 시장 점령","삼성물산과 LS일렉트릭은 글로벌 신재생에너지 사업을 공동으로 추진하기 위해 양해각서(MOU)를 체결하고, 미국에서 500메가와트 규모의 에너지 저장장치(BESS) 프로젝트를 첫 협업 대상으로 선정했습니다. 삼성물산은 이번 협력을 통해 미국 태양광 사업을 확대하고, 사업모델을 다각화하여 경쟁력을 강화할 계획입니다. LS일렉트릭은 삼성물산과의 협업을 통해 북미 시장으로 ESS 사업을 확장하고, 글로벌 ESS 종합 솔루션 전문 기업으로 성장하려는 전략을 세웠습니다. 삼성물산은 캐나다와 미국에서의 신재생에너지 개발 경험을 바탕으로, 미국에서 총 17.4기가와트의 태양광 및 ESS 개발 안건을 보유하고 있으며, 호주와 독일 등에서도 친환경 사업을 활발히 전개하고 있습니다. 양사는 이번 협력을 통해 글로벌 시장에서의 입지를 강화하고, 신재생에너지 확산에 기여할 것으로 기대됩니다.",2024-11-25,0.1908756838151021,0.0005067997379228472,0.8086174935102463
"<b>LS</b>일렉트릭·삼성물산, 글로벌 신재생에너지 사업 공동 추진","LS일렉트릭과 삼성물산은 글로벌 신재생에너지 사업을 위해 합작사를 설립하고, 미국에서 500MW 규모의 에너지 저장장치(BESS) 프로젝트를 공동으로 진행하기로 했습니다. LS일렉트릭은 전력 솔루션 제공 등 기술 분야를 담당하고, 삼성물산은 인허가 취득을 포함한 개발 분야를 맡아 시너지를 창출할 계획입니다. 이 협업을 통해 LS일렉트릭은 북미 시장으로 ESS 전선을 넓히고, 글로벌 ESS 종합 솔루션 전문 기업으로 성장하려고 합니다. 삼성물산은 미국 태양광 사업을 확대하고, 사업모델을 다각화하여 경쟁력을 강화할 방침입니다. 양사는 각각의 전문성과 노하우를 바탕으로 미국 전력 인프라 시장을 적극 공략할 계획입니다.",2024-11-25,0.0010850955237401648,0.0002635047014337033,0.9986513972282409
"<b>LS</b>일렉트릭·삼성물산, 글로벌 신재생에너지 사업 협력","LS일렉트릭과 삼성물산은 글로벌 신재생에너지 사업을 공동으로 추진하기 위해 양해각서(MOU)를 체결했습니다. 양사는 미국에서 개발 중인 500메가와트 규모의 에너지 저장장치(BESS) 프로젝트를 첫 협업 대상으로 선정하고, LS일렉트릭은 기술 분야를, 삼성물산은 개발 분야를 담당하여 시너지를 창출할 계획입니다. LS일렉트릭은 북미 시장으로 ESS 전선을 넓히며 글로벌 ESS 종합 솔루션 전문 기업으로 성장하고자 하며, 삼성물산은 미국 태양광 사업을 확대하고 사업모델을 다각화하여 경쟁력을 강화할 방침입니다. 삼성물산은 캐나다와 미국에서의 신재생에너지 사업 경험을 바탕으로 글로벌 시장에서의 입지를 강화하고 있으며, LS일렉트릭도 일본과 영국 등지에서 ESS 사업을 확장하고 있습니다. 이러한 협업을 통해 양사는 신재생에너지 확산에 따른 시장 기회를 적극적으로 활용하고자 합니다.",2024-11-25,0.1272789762559114,0.00044015743769705297,0.8722808659076691
"<b>LS</b>일렉트릭, 삼성물산과 美 ESS 사업 맞손","LS일렉트릭과 삼성물산은 글로벌 신재생에너지 사업을 위해 협력하여 500MW 규모의 에너지 저장장치(BESS) 프로젝트를 미국에서 공동으로 진행하기로 했습니다. LS일렉트릭은 전력 솔루션 제공을, 삼성물산은 개발 및 인허가 취득을 담당하며, 양사는 각자의 전문성을 바탕으로 시너지를 창출할 계획입니다. LS일렉트릭은 이번 협업을 통해 북미 시장으로 ESS 사업을 확장하고, 글로벌 ESS 종합 솔루션 전문 기업으로 성장하려는 전략을 가지고 있습니다. 삼성물산은 미국 태양광 사업을 확대하고, 사업모델을 다각화하여 경쟁력을 강화할 방침입니다. 또한, 삼성물산은 캐나다와 호주, 독일 등지에서도 신재생에너지 사업을 적극적으로 추진하고 있습니다.",2024-11-25,0.001005083168274723,0.00021624588407576084,0.9987786650657654
"<b>LS</b>일렉트릭·삼성물산, 글로벌 신재생에너지 사업 협력","LS일렉트릭과 삼성물산 상사부문이 글로벌 신재생에너지 시장을 공략하기 위해 협력한다. 양사는 미국에서 진행 중인 500메가와트 규모의 에너지 저장장치 프로젝트를 공동 추진하며, LS일렉트릭은 전력 솔루션과 ESS 기술을, 삼성물산은 프로젝트 개발과 인허가 취득을 담당한다. 이를 통해 북미 시장을 포함한 글로벌 ESS 사업에서 시너지를 창출하고 시장 경쟁력을 강화할 계획이다. LS일렉트릭은 일본과 유럽에서의 경험을 바탕으로 북미 시장으로 사업을 확대하고 있으며, 삼성물산은 미국 태양광 사업을 확장하고 있다. 양사의 협력은 신재생에너지 확산과 전력 계통 안정성 확보가 중요해지는 글로벌 에너지 시장에서 주목받고 있다.",2024-11-26,0.19815180965233595,0.00019933319417759777,0.801648891530931
삼성물산·<b>LS</b> 일렉트릭 신재생에너지 사업 협력,"삼성물산 상사부문과 LS일렉트릭은 글로벌 신사업 개발을 위해 양해각서(MOU)를 체결하고 협력을 강화하기로 했다. 두 회사는 미국에서 삼성물산이 개발 중인 500㎿ 규모의 에너지저장장치(ESS) 프로젝트를 첫 협업 대상으로 선정했다. 삼성물산은 프로젝트의 개발 및 인허가 취득을 담당하고, LS일렉트릭은 전력 솔루션 제공 등 기술 분야를 맡는다. 삼성물산은 미국 태양광 사업을 확대하고자 하며, LS일렉트릭은 북미 시장으로 ESS 사업을 확장하여 종합 솔루션 전문 기업으로 성장할 계획이다. 이번 협업은 양사가 신재생에너지 사업을 공동으로 추진하는 중요한 발판이 될 것으로 기대된다.",2024-11-25,0.4275492627901258,0.000845543056493625,0.571605168748647
"<b>LS</b>증권, XING API 해외주식 거래 이벤트 실시","LS증권은 XING API를 이용한 해외주식 거래 고객을 대상으로 최대 30만원의 현금을 지급하는 이벤트를 진행하고 있습니다. XING API는 사용자가 직접 개발한 트레이딩 프로그램을 LS증권 서버와 연결해 실제 매매가 가능하도록 해주는 프로그램입니다. 이벤트는 XING API로 하루 30만 달러 이상 거래한 고객 선착순 100명에게 현금 1만원을 지급하며, 최대 30만원까지 받을 수 있습니다. 또한, XING API를 통한 해외주식 거래 수수료를 0.03%로 적용하는 이벤트도 함께 진행됩니다. 이벤트는 12월 31일까지 진행되며, 신청은 LS증권 홈페이지, HTS, MTS를 통해 가능합니다.",2024-11-25,0.4782653429778293,0.0004264115050318651,0.5213082421047147
"<b>LS</b>마린솔루션, &quot;세계최대 해상풍력사업 첫 프로젝트 전남1단지 해저케이...","LS마린솔루션은 전남해상풍력1단지의 해저케이블 시공을 완료하며 첫 해상풍력 프로젝트를 성공적으로 마무리했습니다. 이 프로젝트는 8.2GW 규모로 확대될 세계 최대 해상풍력발전 사업의 시작점으로, 내년 3월 시운전을 마친 후 상업 생산에 들어갈 예정입니다. LS마린솔루션은 이번 성과를 바탕으로 전남해상풍력 2·3단지와 대만을 포함한 해외 시장 진출을 적극 추진하고 있습니다. 또한, LS전선과 협력하여 충남 태안해상풍력 단지의 해저케이블 공급 우선협상대상자로 선정되었으며, 설계부터 시공까지 통합 솔루션을 제공할 계획입니다. 해상풍력 경쟁력을 강화하기 위해 세계 최대 규모의 해저케이블 시공 선박을 신규 건조하고, 해상풍력 지원 선박(SOV) 신사업도 추진 중입니다.",2024-11-26,0.5954332568217069,0.00027680436614900826,0.4042899445747025
"삼성물산-<b>LS</b>일렉트릭, 합작사 설립…美 ESS 프로젝트 공동 추진","삼성물산 상사부문과 LS일렉트릭이 글로벌 신재생에너지 사업을 공동으로 추진하기 위해 MOU를 체결했습니다. 양사는 합작사를 설립하고, 삼성물산이 미국에서 개발 중인 500MW 규모의 에너지 저장장치 프로젝트를 첫 협업 대상으로 선정했습니다. 삼성물산은 개발 분야를, LS일렉트릭은 전력 솔루션 제공 등 기술 분야를 담당하여 프로젝트의 가치를 높일 계획입니다. 삼성물산은 미국 태양광 사업을 확대하고, 사업 모델을 다각화하여 경쟁력을 강화하려고 합니다. LS일렉트릭은 삼성물산과의 협업을 통해 북미 시장으로 ESS 전선을 넓히고, 글로벌 ESS 종합 솔루션 전문 기업으로 성장할 전략입니다.",2024-11-25,0.396881181380013,0.0003089104109676555,0.6028098966926336
"<b>LS</b>일렉트릭-삼성물산, 美에 신재생에너지 합작사 설립키로","LS일렉트릭과 삼성물산은 글로벌 신재생에너지 사업을 위해 합작사를 설립하고 협력을 강화하기로 했다. 두 회사는 미국에서 개발 중인 500메가와트 규모의 에너지 저장장치 프로젝트를 첫 협업 대상으로 선정했다. LS일렉트릭은 전력 솔루션 등 기술 분야를 담당하고, 삼성물산은 인허가 취득 등 개발 분야를 맡는다. LS일렉트릭은 일본 규덴코사와의 MOU 체결을 통해 일본 ESS 시장에도 진출하고 있다. 또한, 영국에서 첫 ESS 발전소를 준공하고 추가 사업을 수주하며 글로벌 신재생에너지 사업을 확장하고 있다.",2024-11-25,0.2002513253741199,0.00018388829339528457,0.7995647579373326
"<b>LS</b>일렉트릭-삼성물산, 글로벌 신재생 동맹…美 500㎿ ESS로 첫발","LS일렉트릭과 삼성물산 상사부문이 글로벌 신재생에너지 사업을 공동으로 추진하기 위해 협력하기로 했습니다. 양사는 미국에서 개발 중인 500㎿ 규모의 배터리 에너지 저장장치(BESS) 프로젝트를 첫 협업 대상으로 선정하여, LS일렉트릭은 기술 솔루션을, 삼성물산은 개발 및 인허가를 담당합니다. LS일렉트릭은 이번 협력을 통해 북미 시장으로 에너지저장장치(ESS) 사업을 확장하고, 글로벌 ESS 종합 솔루션 전문 기업으로 도약할 계획입니다. 삼성물산은 미국 태양광 사업을 확장하며, 기존 사업권 매각 중심에서 공동 개발을 포함한 다양한 사업 모델로 전환하여 경쟁력을 강화하고 있습니다. 양사는 각자의 전문성과 노하우를 결합하여 시너지를 창출하고, 글로벌 신재생에너지 시장에서의 입지를 강화하려고 합니다.",2024-11-25,0.18790664659754838,0.0003010381507920101,0.8117923066020012
"<b>LS</b>일렉트릭-삼성물산, 글로벌 신재생에너지 동맹","LS일렉트릭과 삼성물산 상사부문은 글로벌 신재생에너지 사업을 공동으로 추진하기 위해 양해각서(MOU)를 체결했습니다. 이들은 미국에서 개발 중인 500MW 규모의 에너지 저장장치(BESS) 프로젝트를 첫 협업 대상으로 선정하고, LS일렉트릭은 기술 분야를, 삼성물산은 개발 분야를 담당하여 시너지를 창출할 계획입니다. LS일렉트릭은 북미 시장으로 ESS 전선을 넓히며 글로벌 ESS 종합 솔루션 전문 기업으로 성장하고자 하며, 삼성물산은 미국 태양광 사업을 확대하고 사업모델을 다각화하여 경쟁력을 강화할 방침입니다. 삼성물산은 캐나다와 미국에서의 경험을 바탕으로 총 17.4GW의 태양광·ESS 개발 안건을 보유하고 있으며, 호주와 독일 등에서도 친환경 사업을 활발히 전개하고 있습니다. LS일렉트릭은 일본과 영국 등지에서 ESS 사업을 확장하며 글로벌 신재생에너지 시장에서의 입지를 강화하고 있습니다.",2024-11-25,0.19561572006496136,0.00026067951403092594,0.8041236154735089
"<b>LS</b>증권, 해외주식 거래 고객에 최대 30만원 현금지급 이벤트","LS증권은 연말까지 해외주식 거래 고객을 대상으로 최대 30만원의 현금을 지급하는 이벤트를 진행하고 있습니다. 이 이벤트는 XING API를 통해 사용자가 직접 개발한 트레이딩 프로그램을 LS증권 서버와 연결하여 실제 매매가 가능하도록 지원합니다. 하루에 30만 달러 이상의 해외주식을 거래한 고객 중 선착순 100명에게 현금 1만원을 지급하며, 최대 30만원까지 받을 수 있습니다. 대상 종목은 미국 증시에 상장된 주식, 상장지수펀드(ETF), 상장지수증권(ETN)입니다. 또한, XING API를 통한 해외주식 거래 수수료가 0.03%로 적용되는 이벤트도 함께 진행됩니다.",2024-11-25,0.6334872473555151,0.0005174037694814615,0.36599535238929093
삼성물산-<b>LS</b>일렉트릭 신재생에너지 합작사 설립,"삼성물산 상사 부문과 LS일렉트릭이 글로벌 신재생에너지 사업을 위해 협력하기로 했습니다. 양사는 미국에서 개발 중인 500㎿ 규모의 에너지저장장치(ESS) 프로젝트를 첫 협업 대상으로 선정했습니다. 삼성물산은 개발 분야를, LS일렉트릭은 전력솔루션 제공 등 기술 분야를 담당하여 시너지를 창출할 계획입니다. 삼성물산은 미국 태양광 사업을 확대하고 사업 모델을 다각화하려고 하며, LS일렉트릭은 북미 시장으로 ESS 전선을 넓히고자 합니다. 이를 통해 양사는 신재생에너지 확산에 따른 계통연계 안정성 및 토털 솔루션 경쟁력을 강화할 것입니다.",2024-11-25,0.20031415797711816,0.00016688428149791434,0.7995189610403031
"<b>LS</b>마린솔루션, 전남해상풍력 해저케이블 시공 완료","LS마린솔루션은 전남해상풍력 1단지의 해저케이블 시공을 완료했습니다. 이 프로젝트는 LS마린솔루션의 첫 해상풍력 시공 사례로, 전남 신안군에 위치하며 총 96MW 규모입니다. 내년 3월에 시운전을 마치고 상업 생산을 시작할 예정입니다. 이 사업은 2035년까지 8.2GW 규모로 확대될 계획의 첫 번째 프로젝트입니다. LS마린솔루션은 전남해상풍력 2·3단지와 대만 등 글로벌 시장 진출을 적극 추진하며 지속 가능한 성장을 목표로 하고 있습니다.",2024-11-26,0.6017354568757582,0.00024815750948619096,0.3980163643602282
"<b>LS</b>증권, ‘XING API 해외주식 거래 이벤트’ 진행","LS증권은 해외주식 거래 고객을 대상으로 'XING API 해외주식 거래 이벤트'를 진행하며, 최대 30만원의 현금을 지급한다고 밝혔습니다. XING API를 통해 일별 30만 달러 이상 거래한 선착순 100명에게 현금 1만원을 지급하며, 최대 30만원까지 받을 수 있습니다. 이벤트 대상 종목은 미국 증시에 상장된 주식, ETF, ETN입니다. 또한, XING API를 통한 해외주식 거래 수수료를 0.03%로 적용하는 이벤트도 함께 진행됩니다. 이벤트는 12월 31일까지 진행되며, 신청은 LS증권 홈페이지와 트레이딩 시스템을 통해 가능합니다.",2024-11-25,0.46128389875520953,0.0003212747717043385,0.5383948157250416
"&quot;<b>LS</b>일렉트릭, 초고압변압기 대규모 수주…가치 회복 트리거&quot;-<b>LS</b>","LS일렉트릭은 동해안-수도권 HVDC 송전선로 건설 사업과 관련하여 대규모 초고압변압기 수주 가능성이 높아지고 있습니다. 이번 수주는 한국전력과 GE의 합작사인 카페스와의 계약으로, 계약 규모는 약 5000억원에 달할 것으로 예상됩니다. LS일렉트릭은 GE와의 기술 교류를 통해 전압형 HVDC 분야에서 협력을 강화하고 있으며, 이는 국내 시장에서의 경쟁력을 높이는 데 기여하고 있습니다. 이러한 대규모 수주는 LS일렉트릭의 주가 회복과 가치 상승의 중요한 계기가 될 것으로 보입니다. 현재 LS일렉트릭은 구체적인 계약 체결을 협의 중이며, 아직 확정된 바는 없다고 밝혔습니다.",2024-11-26,0.19893304413126317,0.0003378939290996641,0.8007290612906217
"<b>LS</b>증권, 'XING API 해외주식 거래 이벤트’ 실시","LS증권은 XING API를 이용한 해외주식 거래 이벤트를 진행 중이며, 최대 30만원의 현금을 지급합니다. XING API는 사용자가 직접 개발한 트레이딩 프로그램을 LS증권 서버와 연결해 실제 매매가 가능하도록 해주는 프로그램입니다. 이벤트는 XING API로 하루 30만 달러 이상 거래한 고객 선착순 100명에게 1만원을 지급하며, 최대 30만원까지 받을 수 있습니다. 거래 수수료는 이벤트 신청 시 0.03%로 적용되며, 이벤트는 12월 31일까지 진행됩니다. LS증권은 이번 이벤트를 통해 고객들이 자신만의 트레이딩 시스템을 개발할 수 있도록 장려하고 있습니다.",2024-11-25,0.5939123129472137,0.00018304080003872514,0.40590464528650044
"삼성물산, <b>LS</b>일렉과 美 태양광 사업","삼성물산은 LS일렉트릭과 협력하여 미국 태양광 발전 사업을 확대하기로 했습니다. 두 회사는 미국 현지에서 합작사를 설립하여 삼성물산이 인허가 취득 등 재생에너지 개발을 맡고, LS일렉트릭은 전력 솔루션을 제공할 예정입니다. 이 협업은 삼성물산이 텍사스주에서 개발 중인 500MW 규모의 에너지저장장치(ESS) 프로젝트부터 시작됩니다. 삼성물산은 2018년부터 미국에서 태양광 및 ESS 사업을 진행해왔으며, 지금까지 총 17.4GW 규모의 부지를 개발했습니다. LS일렉트릭과의 협력을 통해 전력 계통 노하우를 결합하여 사업권의 가치를 높이고, 향후 EPC 사업자로 나서는 방안도 검토 중입니다.",2024-11-25,0.17780071092711297,0.00036484175943769516,0.8218344956636429
"삼성물산·<b>LS</b>일렉트릭, 글로벌 신재생에너지 개발 사업 협력 MOU","삼성물산 상사 부문과 LS일렉트릭은 글로벌 신사업 개발을 위해 공동 추진 양해각서를 체결하고, 미국에서 개발 중인 500메가와트 규모의 에너지 저장 장치 프로젝트를 첫 협업 대상으로 선정했습니다. LS일렉트릭은 기술 분야를, 삼성물산은 개발 분야를 담당하며, 양사는 전문성과 노하우를 바탕으로 시너지를 창출할 계획입니다. LS일렉트릭은 북미로 ESS 전선을 확장하며 글로벌 ESS 종합 솔루션 전문 기업으로 성장하려 하고, 삼성물산은 미국 태양광 사업을 확대하여 수익성을 높이려 합니다. 삼성물산은 이미 미국에서 17.4기가와트의 태양광 및 ESS 개발 안건을 보유하고 있으며, LS일렉트릭은 일본과 유럽에 이어 영국에서도 ESS 사업을 확장하고 있습니다. 이번 협업은 양사가 각각의 강점을 활용하여 글로벌 신재생에너지 시장에서의 입지를 강화하는 데 기여할 것으로 기대됩니다.",2024-11-25,0.2554020681185648,0.0026804149092640728,0.7419175423681736
"삼성물산·<b>LS</b>일렉, 신재생 에너지 합작법인 설립…첫 사업은 미국 ESS","삼성물산 상사부문과 LS일렉트릭은 글로벌 신재생에너지 사업을 공동으로 추진하기 위해 합작법인을 설립하고, 양해각서(MOU)를 체결했습니다. 이들은 미국에서 개발 중인 500㎿ 규모의 에너지저장장치(BESS) 프로젝트를 첫 협업 대상으로 선정하여, 삼성물산은 개발 분야를, LS일렉트릭은 기술 분야를 담당하며 시너지를 창출할 계획입니다. 삼성물산은 이번 협업을 통해 미국 태양광 사업을 본격적으로 확대하고, 사업 모델을 다각화하여 경쟁력을 강화할 방침입니다. LS일렉트릭은 북미 시장으로 ESS 전선을 넓히며 글로벌 ESS 종합 솔루션 전문 기업으로 성장하고자 하며, 미국 전력 인프라 시장 공략을 가속화할 계획입니다. 양사는 각자의 전문성과 노하우를 바탕으로 글로벌 시장에서의 경쟁력을 높이고, 신재생에너지 확산에 따른 계통연계 안정성을 강화할 전략을 세우고 있습니다.",2024-11-25,0.19906943202076946,0.00020282079349271954,0.8007277553901077
"<b>LS</b>일렉트릭-삼성물산, 글로벌 신재생에너지 합작사 만든다","LS일렉트릭과 삼성물산은 글로벌 신재생에너지 사업을 공동으로 추진하기 위해 양해각서(MOU)를 체결하고, 미국에서 개발 중인 500MW 규모의 에너지 저장장치(BESS) 프로젝트를 첫 협업 대상으로 선정했습니다. LS일렉트릭은 전력 솔루션 제공을, 삼성물산은 인허가 취득 등 개발 분야를 담당하며, 양사는 각자의 전문성을 바탕으로 시너지를 창출할 계획입니다. LS일렉트릭은 이번 협업을 통해 북미 시장으로 ESS 사업을 확장하고, 글로벌 ESS 종합 솔루션 전문 기업으로 성장하려는 전략을 가지고 있습니다. 삼성물산은 미국 태양광 사업을 확대하고, 사업모델을 다각화하여 경쟁력을 강화할 방침입니다. 또한, 삼성물산은 미국에서 17.4GW의 태양광·ESS 개발 안건을 보유하고 있으며, 호주와 독일 등에서도 친환경 사업 개발을 활발히 진행하고 있습니다.",2024-11-25,0.19438150902860798,0.00026912350149359553,0.8053493946790695
"삼성물산 상사부문, <b>LS</b>일렉과 신재생 에너지 사업 '맞손'","삼성물산 상사부문과 LS일렉트릭은 글로벌 신재생에너지 사업을 위해 합작사를 설립하고, 미국에서 500메가와트 규모의 에너지 저장장치(BESS) 프로젝트를 공동으로 진행하기로 했습니다. 삼성물산은 개발 분야를, LS일렉트릭은 전력 솔루션 제공 등 기술 분야를 담당하며, 양사의 전문성과 기술력을 바탕으로 시너지를 창출할 계획입니다. 삼성물산은 미국 태양광 사업을 확대하고, 사업 모델을 다각화하여 경쟁력을 강화하려고 합니다. LS일렉트릭은 삼성물산과의 협업을 통해 북미 시장으로 ESS 전선을 넓히고, 글로벌 ESS 종합 솔루션 전문 기업으로 성장하려는 전략을 가지고 있습니다. 양사는 신재생에너지 확산에 따른 계통연계 안정성의 중요성을 강조하며, 미국 전력 인프라 시장을 적극 공략할 계획입니다.",2024-11-26,0.0003846049978164956,0.00019121938094031067,0.999424147605896
"<b>LS</b>일렉트릭-삼성물산, 글로벌 신재생에너지 사업 협력 추진","LS일렉트릭과 삼성물산이 글로벌 신재생에너지 사업을 위해 협력하기로 했다. 양사는 이를 위해 신사업개발 공동 추진 양해각서를 체결했다. 첫 협업 프로젝트로 삼성물산이 미국에서 개발 중인 500메가와트 규모의 에너지저장장치(ESS) 프로젝트를 선정했다. LS일렉트릭은 전력 솔루션 제공 등 기술 분야를 담당하고, 삼성물산은 인허가 취득을 위한 개발 분야를 맡을 예정이다. 이를 통해 양사는 글로벌 시장에서의 경쟁력을 강화할 계획이다.",2024-11-25,0.3945891207345994,0.0006634812627453357,0.6047473768179771
"삼성물산 상사부문, <b>LS</b>일렉트릭과 글로벌 신재생에너지 사업 협력","삼성물산 상사부문과 LS일렉트릭이 글로벌 신재생에너지 사업을 공동으로 추진하기 위해 양해각서(MOU)를 체결했다. 양사는 합작사를 설립하고, 첫 협업 프로젝트로 삼성물산이 미국에서 개발 중인 500㎿ 규모의 에너지 저장장치(BESS) 프로젝트를 선정했다. 삼성물산은 개발 분야를, LS일렉트릭은 전력 솔루션 제공 등 기술 분야를 담당하여 시너지를 창출할 계획이다. 삼성물산은 미국 태양광 사업을 확대하고, 사업 모델을 다각화하여 경쟁력을 강화할 방침이다. LS일렉트릭은 삼성물산과의 협업을 통해 북미 시장으로 ESS 전선을 넓히고, 글로벌 ESS 종합 솔루션 전문 기업으로 성장할 전략이다.",2024-11-25,0.20017941053665708,0.00020338664762675762,0.7996172043844126
"<b>LS</b>일렉트릭, 삼성물산 상사부문과 '신재생에너지' 합작","LS일렉트릭과 삼성물산은 글로벌 신재생에너지 사업을 공동으로 추진하기 위해 양해각서(MOU)를 체결했다. 두 기업은 합작사를 설립하고, 삼성물산이 미국에서 개발 중인 500메가와트 규모의 에너지 저장장치(BESS) 프로젝트를 첫 협업 대상으로 선정했다. LS일렉트릭은 전력 솔루션 제공 등 기술 분야를, 삼성물산은 인허가 취득을 포함한 개발 분야를 담당하며 협업을 통해 시너지를 창출할 계획이다. LS일렉트릭은 북미 시장으로 ESS 전선을 넓히며 글로벌 ESS 종합 솔루션 전문 기업으로 성장할 계획을 밝혔다. 삼성물산은 미국 태양광 사업을 확대하고, 사업모델을 다각화하여 경쟁력을 강화할 방침이다.",2024-11-25,0.1512345895636827,0.0005375027598347515,0.848227921128273
"<b>LS</b>증권, `XING API` 활용 자체 프로그램매매 이벤트","LS증권은 XING API를 활용해 해외주식을 거래하는 고객에게 최대 30만원의 현금을 지급하는 이벤트를 진행합니다. XING API는 사용자가 개발한 트레이딩 프로그램을 LS증권 서버와 연결해 실제 매매가 가능하도록 지원하는 프로그램입니다. 이벤트 기간 동안 XING API로 하루 30만 달러 이상 거래한 선착순 100명에게 현금 1만원을 지급하며, 최대 30만원까지 받을 수 있습니다. 대상 종목은 미국 증시에 상장된 주식, ETF, ETN입니다. 또한, 이벤트 신청 시 해외주식 거래 수수료가 0.03%로 적용되는 혜택도 제공됩니다.",2024-11-25,0.4137276032241061,0.00022534585295943543,0.5860470529820304
"<b>LS</b>일렉트릭·삼성물산, 미국 에너지 시장 공략에 힘 모은다","LS일렉트릭과 삼성물산은 글로벌 신사업개발을 위한 양해각서(MOU)를 체결하고 협력을 강화하기로 했습니다. 두 회사는 미국에서 500MW 규모의 에너지 저장장치(BESS) 프로젝트를 공동으로 추진할 계획입니다. LS일렉트릭은 전력 솔루션 기술을, 삼성물산은 인허가 취득 등 개발 분야를 담당하게 됩니다. 이번 협업을 통해 LS일렉트릭은 북미 시장으로 사업 영역을 확장하고, 삼성물산은 미국 태양광 사업의 경쟁력을 강화할 방침입니다. 삼성물산은 사업 모델을 다각화하여 태양광 개발 사업을 더욱 성장시킬 계획입니다.",2024-11-25,0.20006872739177198,0.00017263054905924946,0.7997586701065302
"검찰, '직무 정보 이용' <b>LS</b>증권 전 임원 등 구속영장","LS증권 전 본부장 A씨 등 증권사 임직원들이 직무상 알게 된 미공개 정보를 이용해 부동산 프로젝트파이낸싱(PF) 대출금 830억 원을 유출한 혐의로 검찰에 의해 구속영장이 청구되었습니다. A씨는 시행사로부터 500억 원 상당의 부당 이익을 얻고, 본인이 지배하는 법인을 통해 전환사채를 저가에 취득한 후 고가에 매각하여 이익을 챙긴 것으로 조사되었습니다. 또한, A씨는 관련 법인을 통해 시행사들에 수백억 원을 대여하고 수수료와 이자 등의 명목으로 수십억 원을 수취한 혐의도 받고 있습니다. 금융감독원은 올해 초 다올투자증권, 메리츠증권 등 5개 증권사를 대상으로 PF 대출 관련 기획검사를 실시하여 불법 이득 취득 정황과 내부통제의 취약성을 적발하고 검찰에 통보했습니다. 검찰은 사건을 넘겨받아 메리츠증권 전 본부장 박씨와 다른 증권사 임직원들을 불구속 기소했습니다.",2024-11-22,0.00022514511074405162,0.0003184037224855274,0.9994564533233643
"[단신]삼성물산-<b>LS</b>일렉트릭, 美 신재생에너지 사업 MOU","삼성물산 상사부문과 LS일렉트릭이 미국 신재생에너지 사업을 위해 양해각서(MOU)를 체결했습니다. 두 회사는 합작사를 설립하고, 첫 협업 프로젝트로 삼성물산이 텍사스주에서 개발 중인 500MW 규모의 배터리 에너지 저장장치(BESS) 프로젝트를 선택했습니다. 삼성물산은 개발 분야, 특히 인허가 취득을 담당하며, LS일렉트릭은 전력 솔루션 제공 등 기술 분야를 맡기로 했습니다. 이번 협약은 두 회사가 신재생에너지 분야에서 협력하여 시너지를 창출하려는 의지를 보여줍니다. 이를 통해 미국 시장에서의 입지를 강화하고, 지속 가능한 에너지 솔루션을 제공할 계획입니다.",2024-11-26,0.14264452990610152,0.0009988108475226908,0.8563566565513611
"[Biz &amp; Now] 삼성물산·<b>LS</b>일렉트릭, 에너지 MOU","삼성물산 상사부문과 LS일렉트릭이 글로벌 신재생에너지 사업을 공동 추진하기 위해 양해각서를 체결했습니다. 두 회사는 합작사를 설립하고, 첫 협업 프로젝트로 삼성물산이 미국에서 개발 중인 500메가와트 규모의 에너지저장장치(ESS) 프로젝트를 선정했습니다. 협약식은 서울 중구 삼성본관빌딩에서 열렸으며, 이재언 삼성물산 상사부문 대표와 구자균 LS일렉트릭 회장이 참석했습니다. 이번 협약을 통해 두 회사는 신재생에너지 분야에서의 협력을 강화할 계획입니다. 이를 통해 글로벌 시장에서의 경쟁력을 높이고 지속 가능한 에너지 솔루션을 제공할 것으로 기대됩니다.",2024-11-26,0.46069093511323445,0.002310061431489885,0.5369990089442581
"Samsung C&amp;T, <b>LS</b> Electric join hands to advance renewable energy in U.S.","삼성물산의 상사부문과 LS일렉트릭이 미국에서 재생 에너지 프로젝트를 추진하기 위해 협력하기로 했습니다. 양사는 서울 삼성 본사에서 양해각서를 체결하고, 글로벌 신사업 개발을 공동으로 추진하기로 했습니다. 첫 번째 협력 프로젝트는 미국에서 삼성물산이 개발 중인 500메가와트 배터리 에너지 저장 시스템(BESS) 프로젝트입니다. 삼성물산은 규제 허가 취득 등 개발을 총괄하고, LS일렉트릭은 전력 시스템 등 기술 솔루션을 제공할 예정입니다. 이번 협력을 통해 삼성물산은 미국 태양광 에너지 사업을 확장하고, 기존의 사업 모델을 넘어 파트너와의 공동 프로젝트를 통해 사업 범위를 넓힐 계획입니다.",2024-11-26,0.23921065364265814,0.0008396647579502314,0.7599496791954152
<b>LS</b>일렉트릭 &quot;초고압변압설비 계약 체결 협의 중&quot; [주목 e공시],LS일렉트릭은 5000억 원 규모의 초고압직류송전(HVDC) 설비 공급 계약을 수주했다는 보도에 대해 아직 확정된 바가 없다고 밝혔다. 현재 구체적인 계약 체결을 위해 협의 중이라고 설명했다. 회사는 계약이 확정되는 시점이나 1개월 내에 재공시할 계획이라고 덧붙였다. 이번 계약은 초고압 변압 설비 공급과 관련된 것이다. LS일렉트릭은 계약 진행 상황에 대해 신중한 입장을 보이고 있다.,2024-11-25,0.3837769645615481,0.001573307515354827,0.614649728697259
"<b>LS</b>일렉트릭, 5000억 초고압변압설비 공급 계약 보도에 '급등'",LS일렉트릭이 5000억원 규모의 초고압직류송전(HVDC) 초고압 변압 설비 공급 계약을 수주했습니다. 이 소식에 따라 LS일렉트릭의 주가는 장 초반 급등세를 보였습니다. 이번 계약은 한국전력과 제너럴일렉트릭(GE) 합작사인 카페스와 체결될 예정입니다. 계약 규모는 LS일렉트릭의 지난해 매출의 약 11.8%에 해당합니다. 이 계약은 '동해안·수도권 HVDC 송전선로 건설' 사업의 일환으로 진행됩니다.,2024-11-25,0.037848575302632526,0.0011293208342976868,0.961022138595581
[단독] '<b>LS</b>전선 기술유출' 의혹…대한전선 공장 압수수색,"경찰이 LS전선의 해저 케이블 기술 유출 혐의로 대한전선 공장에 대해 압수수색을 진행하고 있다. 충남 당진에 위치한 대한전선 공장은 장거리 송전이 가능한 해저 케이블을 생산하는 곳이다. 경찰은 대한전선의 하청업체인 A사도 압수수색했으며, A사는 과거 LS전선의 협력사로부터 일감을 받았던 전력이 있다. 이번 압수수색은 지난 6월과 7월에 이어 약 4개월 만에 추가로 이루어진 것으로, 수사에 속도가 붙고 있다는 관측이 있다. 경찰은 부정경쟁방지법 위반 혐의로 대한전선과 A사 관계자들을 조사 중이며, A사가 LS전선의 고전압 해저 케이블 기술을 대한전선에 유출했는지 여부를 조사하고 있다.",2024-11-22,0.00021158837189432232,0.0020081997266970576,0.9977802276611328
"檢, <b>LS</b>증권 전·현직 임원 3명 구속영장 청구","검찰은 LS증권 전현직 임원들이 직무상 알게 된 미공개 정보를 이용해 부동산 PF 사업을 진행하고, PF 대출금 830억 원을 외부로 유출한 혐의로 구속영장을 청구했다. 이들은 현대건설이 참여한 부동산 PF에 자금을 지원하는 과정에서 얻은 정보를 통해 사적 이득을 취한 것으로 의심받고 있다. 금융감독원은 PF 기획검사 과정에서 이들의 범죄를 포착하고 검찰에 수사를 의뢰했다. 검찰은 LS증권과 현대건설 본사 등 10여 곳을 압수수색하고, 증거물을 분석한 후 관련자들을 소환 조사했다. 이 사건은 자본시장법 위반 및 특정경제범죄가중처벌법상 배임 혐의로 진행되고 있다.",2024-11-22,0.00015483547904295846,0.00025428567605558785,0.9995908856391906
"<b>LS</b>일렉트릭, 초고압변압설비 '5000억 잭팟'","LS일렉트릭은 5000억원 규모의 초고압직류송전(HVDC) 초고압 변압 설비 공급 계약을 한국전력과 GE의 합작사와 체결했다. 이 계약은 LS일렉트릭의 HVDC 초고압 변압기 공급 계약 중 역대 최대 규모로, 작년 매출의 약 12%에 해당한다. HVDC 기술은 전력망 효율성을 높이는 데 중요한 역할을 하며, 장거리 대용량 송전이 가능하고 전력 효율성이 높아 최근 수요가 급증하고 있다. LS일렉트릭은 국내 유일의 HVDC 초고압 변압기 생산 업체로, 부산에 전용 공장을 설립하여 생산 능력을 확장하고 있다. 또한, 북미 시장을 포함한 해외 시장 공략에도 박차를 가하고 있으며, 부산 공장 증설을 위해 1600억원을 추가 투자했다.",2024-11-24,0.000942917331121862,0.0003484614833723754,0.9987086057662964
NH투자 &quot;<b>LS</b> 주가 조정 과도…내년 실적 성장 기대&quot;,"LS그룹의 지주회사인 LS에 대해 NH투자증권은 최근 주가 조정이 컸지만 내년 실적 성장이 기대된다고 평가하며 목표주가를 15만원으로 유지했습니다. LS MnM의 3분기 영업이익 부진과 미국 전력선 사업 우려로 주가 하락이 심화되었으나, 내년 수주잔고가 풍부하고 LS전선을 중심으로 실적 성장이 예상됩니다. LS MnM은 환손실 영향을 받았지만, 내년 착공 예정인 미국 해저케이블 공장은 유럽 시장 매출 용도로 활용될 수 있습니다. LS이링크는 상장을 앞두고 있으며, LS I&D 통신 부문과 LS MnM의 IPO는 각각 2026년과 2027년에 예정되어 있지만 시점은 유동적입니다. 연내 기업가치 제고 계획 발표 가능성은 작다고 평가되었습니다.",2024-11-20,0.0001581963588250801,0.00017480353999417276,0.9996670246124267
PF 대출받아 830억 외부로 유출…<b>LS</b>증권 전 임원 등 구속영장,"검찰은 LS증권 전직 본부장 A씨 등 3명을 '직무상 정보 사적 이용' 혐의로 구속영장을 청구했습니다. 이들은 미공개 정보를 이용해 부동산 프로젝트파이낸싱(PF) 사업을 시행하고, PF 대출금 830억원을 외부로 유출한 혐의를 받고 있습니다. 금융감독원의 의뢰로 수사가 시작되었으며, 지난달에는 LS증권과 현대건설 본사 등 10여 곳을 압수수색했습니다. A씨는 대출 주선 후 시행사로부터 전환사채 매각 대금 명목으로 500억원을 받거나, 여러 시행사에 고금리로 금전을 대여한 정황이 포착되었습니다. 검찰은 이러한 혐의에 대해 철저한 수사를 진행하고 있습니다.",2024-11-22,0.0006161711527965963,0.005860343389213085,0.9935234785079956
"경찰, '<b>LS</b>전선 기술 유출 의혹' 대한전선 3차 압수수색","LS전선의 해저케이블 기술 유출 의혹을 조사 중인 경찰이 대한전선의 공장을 압수수색하며 수사를 진행하고 있습니다. 경찰은 LS전선의 해저케이블 공장 설계 노하우가 가운종합건축사무소를 통해 대한전선에 유출되었는지 여부를 조사하고 있습니다. LS전선은 대한전선이 기술을 탈취했을 경우 법적 조치를 취하겠다고 경고했으며, 대한전선은 이러한 주장을 부인하고 있습니다. 대한전선은 가운종합건축사무소가 공정하게 선정된 업체이며, LS전선의 영업비밀을 탈취한 적이 없다고 주장하고 있습니다. 양사 간의 공방이 계속되는 가운데, 경찰의 수사가 어떻게 진행될지 주목되고 있습니다.",2024-11-22,0.00016093683370854706,0.20080392233503516,0.7990351322019705
내부정보로 PF 대출받아 830억 빼내…<b>LS</b>증권 전 임원 등 영장(종합2보),"검찰은 LS증권 전직 본부장 A씨 등 3명을 '직무상 정보 사적 이용' 혐의로 구속영장을 청구했습니다. 이들은 미공개 정보를 이용해 부동산 프로젝트파이낸싱(PF) 사업을 직접 시행하고, PF 대출금 830억원을 외부로 유출한 혐의를 받고 있습니다. 금융감독원은 A씨가 PF 대출을 주선한 뒤 전환사채 매각 대금 명목으로 500억원을 받거나 여러 시행사에 고금리 금전 대여를 한 정황을 포착해 검찰에 수사를 의뢰했습니다. 검찰은 LS증권과 현대건설 본사 등 10여 곳을 압수수색하며 사실관계를 확인했습니다. A씨 등에 대한 구속 전 피의자 심문은 27일 서울중앙지법에서 열릴 예정입니다.",2024-11-22,0.0020669968507718295,0.17737812145496717,0.8205548986792565
내부정보로 PF 대출받아 830억 빼내…<b>LS</b>증권 전 임원 등 영장(종합),"검찰은 LS증권 전직 본부장 A씨 등 3명을 '직무상 정보 사적 이용' 혐의로 구속영장을 청구했다. 이들은 미공개 정보를 이용해 부동산 프로젝트파이낸싱(PF) 사업을 직접 시행하고, PF 대출금 830억원을 외부로 유출한 혐의를 받고 있다. 금융감독원의 의뢰로 수사가 시작되었으며, 검찰은 LS증권과 현대건설 본사 등 10여 곳을 압수수색했다. A씨는 대출 주선 후 시행사로부터 전환사채 매각 대금 명목으로 500억원을 받거나, 여러 시행사에 고금리로 금전을 대여한 정황이 포착되었다. A씨 등에 대한 구속 전 피의자 심문은 25일 서울중앙지법에서 진행될 예정이다.",2024-11-22,0.0016400254506152123,0.1799397995826439,0.8184201538562774
"<b>LS</b>전선·<b>LS</b>마린솔루션, 태안해상풍력 해저케이블 우협대상 선정",LS전선과 LS마린솔루션이 충남 태안 해상풍력단지의 해저케이블 공급 우선협상대상자로 선정되었습니다. 이 소식은 11월 21일에 발표되었습니다. 태안 해상풍력단지는 해상풍력 발전을 위한 중요한 프로젝트입니다. LS전선은 해저케이블 분야에서의 전문성을 인정받아 이번 협상대상자로 선정되었습니다. 이번 선정은 LS전선의 해상풍력 사업 확장에 중요한 기회가 될 것입니다.,2024-11-21,0.6081227140733972,0.01883312297577504,0.3730441479594447
경찰 '<b>LS</b>전선 도면 유출 의혹' 대한전선 3차 압수수색,"LS전선의 해저케이블 생산공정 도면이 유출되었다는 의혹과 관련하여 경찰이 대한전선을 압수 수색하고 있다. 이번 압수수색은 대한전선에 대한 세 번째 수사로, 경찰은 부정경쟁방지법 위반 혐의로 수사를 진행 중이다. 경찰은 또한 도면 유출 과정에 관여한 것으로 의심되는 가운종합건축사무소도 압수 수색하고 관련자들을 형사 입건했다. LS전선은 대한전선의 기술 탈취가 사실로 밝혀질 경우 법적 조치를 취할 것이라고 경고했으며, 대한전선은 이러한 주장을 부인하고 있다. 경찰은 확보한 증거물을 통해 도면 유출 여부를 면밀히 조사할 계획이다.",2024-11-22,0.001167386118322611,0.30262076771759894,0.6962118115276098
"<b>LS</b>증권 &quot;임직원 200여명, 단체 헌혈 등 사회 공헌 활동&quot;","LS증권은 10월부터 11월까지 다양한 사회 공헌 활동을 진행했다고 밝혔습니다. 이 활동에는 리서치, 경영지원, 리테일, 홀세일, IB 부서의 임직원 200여 명이 참여했습니다. 이들은 서울 여의도 생태공원 무장애길 보수, 소외계층 아동을 위한 케이크 만들기, 현충원 참배 및 묘역 정화, 단체 헌혈 등의 활동을 했습니다. LS증권은 이러한 활동이 새로운 비전인 '담대한 도전, 내일의 가치를 만들어가는 LS증권'을 내재화하기 위한 것이라고 설명했습니다. 이번 사회 공헌 활동은 LS증권의 사회적 책임을 강조하고, 기업의 가치를 높이는 데 기여했습니다.",2024-11-21,0.5649654282897245,0.062414396696840416,0.372620181273669
'미공개 정보 활용' 前 <b>LS</b>증권 임직원…27일 구속 심사(종합),"LS증권의 전 임직원 3명이 직무상 미공개 정보를 이용해 부당 이익을 챙긴 혐의로 구속 전 피의자 심문을 받을 예정이다. 이들은 부동산 프로젝트파이낸싱(PF) 사업과 관련된 정보를 이용해 830억 원의 대출금을 외부로 유출한 혐의를 받고 있다. 검찰은 금융감독원의 수사 의뢰를 받아 LS증권과 현대건설 본사 등 여러 곳을 압수수색했다. LS증권의 임원은 토지계약금대출과 브리지론, 본PF 주선 등을 통해 얻은 정보를 이용해 자신이 지배하는 법인을 통해 부당 이득을 취한 것으로 조사됐다. 이 과정에서 전환사채를 취득하고 되팔아 약 500억 원의 이익을 챙긴 것으로 드러났다.",2024-11-22,0.0001710412063403055,0.00019021484185941518,0.9996387720108032
"<b>LS</b> 일렉트릭, 지역 취약계층에 방한복 나눔","LS일렉트릭은 안양시노인종합복지관을 통해 안양 지역의 저소득 독거노인 250여 명에게 약 5천만 원 상당의 방한의류와 방한화를 기부했습니다. 이 행사는 LS일렉트릭의 '사회공헌의 기본은 지역에 대한 기여'라는 인식을 바탕으로, 추운 겨울 어려운 이웃의 월동 준비를 돕기 위해 마련되었습니다. LS일렉트릭은 2014년부터 각 사업장 지역의 저소득 소외계층을 대상으로 방한복 전달, 명절 도시락 선물, 냉방용품 및 난방용품 기부 등 맞춤형 지원 프로그램을 시행하고 있습니다. 또한, LS일렉트릭은 지역사회 및 시민단체와 연계하여 생태보존 및 환경문제 해결을 위한 다양한 사회공헌 캠페인을 진행하고 있습니다. 회사는 앞으로도 사회공헌활동을 확대하고, 구성원이 나눔을 실천할 수 있는 다양한 프로그램을 마련할 계획입니다.",2024-11-20,0.5005673890002071,0.0390955810493324,0.46033699307590725
"경찰, '<b>LS</b>전선 기술 유출 의혹' 대한전선 추가 압수수색",LS전선의 해저 케이블 기술 유출 의혹 사건을 수사 중인 경찰이 대한전선에 대한 추가 압수수색을 진행했습니다. 경찰은 대한전선의 충남 당진 공장에서 LS전선의 해저 케이블 공장 설계 자료가 유출되었는지 확인하기 위해 수사관들을 파견했습니다. 이전에도 경찰은 대한전선과 LS전선의 자료를 빼내 전달한 의혹이 있는 건축사무소 등을 여러 차례 압수수색한 바 있습니다. 대한전선은 공식 입장문을 통해 LS전선의 영업비밀을 훔쳐 활용한 적이 없다고 혐의를 부인했습니다. 이번 사건은 국내 전선업계 1위인 LS전선의 기술 보호와 관련된 중요한 사안으로 주목받고 있습니다.,2024-11-22,0.0004565480368910357,0.019752577971667053,0.9797908782958984
"경찰, ‘<b>LS</b>전선 케이블 기술 유출 의혹’ 대한전선 3차 압수수색","경찰이 LS전선의 해저 케이블 기술 유출 혐의로 대한전선에 대해 추가 압수수색을 진행했습니다. 이번 압수수색은 충남 당진에 위치한 대한전선 공장에서 이루어졌으며, 경찰은 확보한 자료를 통해 기술 유출 여부를 조사할 예정입니다. 대한전선과 건축 설계업체 A사는 부정경쟁방지법 위반 혐의로 이미 형사 입건된 상태입니다. A사가 LS전선의 케이블 공장 건설 당시 고전압 해저 케이블 기술을 빼돌렸다는 의혹이 제기되었습니다. 경찰은 이번이 세 번째 압수수색이며, 수사 중인 사안에 대한 구체적인 내용은 공개하지 않았습니다.",2024-11-22,0.00022991198202362284,0.2009752048936207,0.7987949035625206
"<b>LS</b>전선·<b>LS</b>마린솔루션, 태안해상풍력 해저케이블 우협대상 선정","LS전선과 LS마린솔루션이 충남 태안 해상풍력단지의 해저케이블 공급 우선협상대상자로 선정되었습니다. 태안 해상풍력단지는 싱가포르 기반의 재생에너지 기업 뷔나에너지가 약 500MW 규모로 조성하는 프로젝트로, 2029년 완공을 목표로 하고 있습니다. LS전선은 해저케이블 공급을 담당하고, LS마린솔루션은 시공을 맡아 프로젝트의 효율성과 안정성을 높일 계획입니다. LS전선은 LS마린솔루션과의 협력을 통해 통합 솔루션을 제공하고, 국내 해상풍력 산업 발전과 글로벌 시장 선점에 기여하겠다는 포부를 밝혔습니다. 이 프로젝트는 한국의 해상풍력 산업 발전에 중요한 역할을 할 것으로 기대됩니다.",2024-11-21,0.731744525860995,0.0018881741460063494,0.2663672894705087
PF 대출받아 830억 외부 유출 혐의…<b>LS</b>증권 전 임원 등 구속영장,"검찰은 LS증권 전직 본부장 A 씨 등 3명을 '직무상 정보 사적 이용' 혐의로 구속영장을 청구했습니다. 이들은 미공개 정보를 이용해 부동산 프로젝트파이낸싱 사업을 시행하고, 대출금 830억 원을 외부로 유출한 혐의를 받고 있습니다. 금융감독원의 의뢰로 수사가 시작되었으며, LS증권과 현대건설 본사 등 10여 곳을 압수수색했습니다. A 씨는 대출 주선 후 시행사로부터 전환사채 매각 대금 명목으로 500억 원을 받았다는 의혹이 있습니다. 또한, 여러 시행사에 고금리로 금전을 대여한 정황도 포착되어 수사가 진행 중입니다.",2024-11-22,0.00020447887654881925,0.0003124323091469705,0.9994830846786499
"<b>LS</b>일렉트릭, 지역 취약계층에 방한복 나눔","LS일렉트릭은 경기도 안양시의 저소득 독거노인 250여 명에게 5000만 원 상당의 방한의류와 방한화를 기부하는 행사를 진행했습니다. 이 행사는 '사회공헌의 기본은 지역에 대한 기여'라는 회사의 인식을 바탕으로, 추운 겨울 어려운 이웃의 월동 준비를 돕기 위해 마련되었습니다. LS일렉트릭은 2014년부터 저소득 소외계층을 대상으로 방한복 전달, 명절 도시락 선물, 냉방용품 및 난방용품 기부 등 다양한 지원 프로그램을 시행하고 있습니다. 또한, 지역사회 및 시민단체와 연계하여 환경문제 해결과 미래세대 어린이 후원을 위한 다양한 사회공헌 캠페인을 진행하고 있습니다. LS일렉트릭은 앞으로도 사회공헌활동을 확대하고, 구성원이 나눔을 실천할 수 있는 프로그램을 마련하여 기업의 사회적 책임을 다할 계획입니다.",2024-11-20,0.49961008578538896,0.006591425510123372,0.493798495316878
검찰 '미공개 정보 이용' <b>LS</b>증권 임직원 3명 구속영장 청구,"검찰은 LS증권 전 임직원 3명이 직무상 미공개 정보를 이용해 부당 이익을 챙긴 혐의로 구속영장을 청구했다. 이들은 부동산 프로젝트파이낸싱(PF) 사업을 직접 시행하고, PF 대출금 830억 원을 외부로 유출해 취득한 혐의를 받고 있다. 검찰은 금융감독원의 수사 의뢰를 받아 LS증권과 현대건설 본사 등 10여 곳을 압수수색했다. 금융감독원은 LS 임원이 토지계약금대출 취급과 브리지론‧본PF 주선 등을 통해 얻은 정보를 이용해 부당 이득을 취했다고 판단했다. 이 과정에서 LS 임원은 자신이 지배하는 법인을 통해 전환사채를 취득하고 되팔아 약 500억 원의 이득을 챙긴 것으로 드러났다.",2024-11-22,0.00016789446817710996,0.00016748921916587278,0.9996646046638489
CIP·<b>LS</b>전선 &quot;부유식 해상풍력 해저케이블 사업 협력&quot;,"LS전선은 해울이해상풍력발전과 협력의향서를 체결하여 울산 해상풍력 프로젝트의 3 프로젝트에 해저케이블을 공급하기로 했습니다. 이 프로젝트는 1.5GW 규모의 부유식 해상풍력단지로, CIP가 추진하는 글로벌 친환경 에너지 투자개발 사업의 일환입니다. 조나단 스핑크 해울이해상풍력발전 대표는 LS전선의 전문성과 경험을 높이 평가하며, 한국 해상풍력 공급망 기업과의 파트너십을 강화하겠다고 밝혔습니다. 구본규 LS전선 대표는 LS전선의 기술력이 한국 부유식 해상풍력산업의 경쟁력을 강화하고 세계 시장 선점에 기여할 것이라고 기대했습니다. 해울이해상풍력발전은 이미 울산에서 1.5GW 규모의 부유식 해상풍력단지 3개 발전사업 허가를 받았으며, 환경영향평가 승인도 완료했습니다.",2024-11-20,0.3901895034243353,0.0003886462189257145,0.6094218731392175
"<b>LS</b>전선·CIP, 국내 최대 부유식 해상풍력 협력의향서 체결","LS전선은 울산 앞바다에서 조성되는 부유식 해상풍력단지에 해저 케이블을 공급하기 위해 글로벌 투자개발사들과 협력을 확대하고 있습니다. 이 회사는 덴마크의 그린에너지 투자개발사 CIP와 '해울이3 해상풍력 협력의향서'를 체결했으며, 이는 1.5GW 규모의 대규모 부유식 해상풍력 프로젝트의 일환입니다. 부유식 해상풍력은 터빈을 해저에 고정하지 않고 부유물 위에 설치해 깊은 바다에서도 발전할 수 있는 방식으로, 해안가 설치 공간 부족 문제를 해결할 대안으로 주목받고 있습니다. LS전선은 국내 최초로 부유식용 다이내믹 해저 케이블을 개발하고, 국제 인증을 취득하여 시장 경쟁력을 높이고 있습니다. 구본규 LS전선 대표는 이러한 기술력이 한국 부유식 해상풍력 산업의 경쟁력을 강화하고 글로벌 시장 선점에도 기여할 것이라고 밝혔습니다.",2024-11-20,0.18282455173903145,0.00048227966763079164,0.8166931569576263
"<b>LS</b>증권, 무장애길보수·국가유산지킴이 등 사회공헌활동","LS증권은 '담대한 도전, 내일의 가치를 만들어가는 LS증권'이라는 새로운 비전을 내재화하기 위해 다양한 사회공헌활동을 진행했습니다. 이 활동은 리서치, 경영지원, 리테일 등 여러 사업부를 5개 부문으로 묶어 진행되었으며, 여의도 샛강 생태공원 무장애길 보수, 소외계층 아동을 위한 케이크 만들기, 현충원 참배와 묘역 정화 등의 활동이 포함되었습니다. 약 200명의 임직원이 참여한 이번 활동을 통해 직원들은 협동심과 팀워크를 다질 수 있었고, 사회공헌에 대한 관심이 높아졌다고 밝혔습니다. LS증권은 이러한 활동을 통해 회사의 비전을 사회와 나누고, 고객과 함께 성장하는 계기가 되었다고 평가했습니다. 앞으로도 LS증권은 비전을 내재화하고 선한 영향력을 전하기 위해 지속적으로 사회공헌 활동을 추진할 계획입니다.",2024-11-21,0.4784875106066465,0.0034533922575064936,0.5180591508746147
"<b>LS</b>증권, 신규 비전 연계 사회 공헌 진행","LS증권은 새로운 비전인 ""담대한 도전, 내일의 가치를 만들어가는 LS증권""을 내재화하기 위해 여러 사업부를 5개 부문으로 묶어 사회 공헌 활동을 진행했습니다. 이 활동은 여의도 샛강 생태공원 무장애길 보수, 소외계층 아동을 위한 케이크 만들기, 현충원 참배 및 묘역 정화, 국가유산 지킴이, 단체 헌혈 등 다양한 프로그램으로 구성되었습니다. 10월부터 11월까지 진행된 이 활동에는 LS증권 임직원 총 200여 명이 참여했습니다. 참여한 임직원들은 동료들과의 협동심과 팀워크를 다질 수 있었고, 사회에 기여하는 회사의 비전을 공유할 수 있어 뜻깊었다고 소감을 밝혔습니다. 회사는 앞으로도 비전을 내재화하고 선한 영향력을 전하기 위해 더 좋은 사회 공헌 활동을 추진할 계획이라고 밝혔습니다.",2024-11-21,0.8462288856506348,0.0036413122215890326,0.15012981182371732
"<b>LS</b>전선, 덴마크 CIP와 국내 최대 부유식 해상풍력 협력의향서","LS전선은 덴마크의 그린에너지 투자개발사 CIP와 '해울이3 해상풍력 협력의향서'를 체결했습니다. 이 프로젝트는 울산 연안에서 약 80㎞ 떨어진 해상에 2030년까지 1.5GW 규모의 부유식 해상풍력을 조성하는 것을 목표로 하고 있습니다. 부유식 해상풍력은 터빈을 해저에 고정하지 않고 부유물 위에 설치하여 깊은 바다에서도 발전할 수 있는 방식으로, 해안가 설치 공간 부족 문제를 해결할 수 있는 대안으로 주목받고 있습니다. LS전선은 국내 최초로 부유식용 다이내믹 해저 케이블을 개발하고 국제 인증을 취득했으며, 자회사와의 협력을 통해 해상풍력 밸류체인을 강화하고 있습니다. LS전선과 CIP는 이번 협력을 통해 한국의 해상풍력 산업 경쟁력을 강화하고 글로벌 시장 선점에 기여할 계획입니다.",2024-11-20,0.20007083806849552,0.00019819767912849785,0.7997309390921146
검찰 '부동산PF 비리' 전직 <b>LS</b>증권 임직원 3명 구속영장,"검찰은 전직 LS증권 임직원들이 미공개 부동산 개발 정보를 이용해 부동산 프로젝트파이낸싱(PF) 사업을 직접 시행하고, 대출금 830억 원을 유출한 혐의로 구속영장을 청구했다. 이들은 직무상 알게 된 정보를 활용해 부동산 PF 사업에 개입하고, 내부 통제 미흡을 통해 자금을 빼돌린 것으로 드러났다. 금융감독원의 수사 의뢰로 시작된 이번 수사에서 A씨는 미공개 정보를 이용해 시행사 최대주주가 발행한 전환사채를 저가에 취득하고 매각하여 500억 원을 챙긴 것으로 조사되었다. 검찰은 LS증권과 현대건설 본사 등 10여 곳을 압수수색하며 관련 증거를 확보했다. 이번 사건은 금융감독원이 지난해 10월부터 증권사들의 부동산 PF에 대한 기획 검사를 통해 내부 통제 미흡 사례를 적발하면서 시작되었다.",2024-11-22,0.00015574904100503772,0.00016398878069594501,0.9996802568435669
"<b>LS</b>일렉트릭, 독거노인에 방한의류","LS일렉트릭은 안양시노인종합복지관을 통해 저소득 독거노인 250여 명에게 5000만원 상당의 방한 의류와 방한화를 기부했습니다. 이 행사는 'LS일렉트릭과 함께하는 온기 가득 방한복 나눔'이라는 이름으로 진행되었으며, 올해로 11회째를 맞이했습니다. LS일렉트릭은 2014년부터 지역 사회의 저소득 소외계층을 위해 방한복 전달, 명절 도시락 선물, 냉방·난방 용품 기부 등 계절 맞춤형 지원 프로그램을 운영하고 있습니다. 회사 관계자는 이상기온으로 인한 한파에 대비해 준비한 방한용품이 도움이 되길 바란다고 전했습니다. 앞으로도 LS일렉트릭은 사회공헌활동을 확대하고, 구성원이 나눔을 실천할 수 있는 다양한 프로그램을 마련할 계획입니다.",2024-11-20,0.597278932062909,0.2006906059803441,0.20203047717222944
"'내부정보 PF 대출' <b>LS</b>증권 임직원, 27일 구속기로",LS증권의 전·현직 임직원 3명이 직무상 미공개 정보를 이용해 부당 이익을 챙긴 혐의로 구속 여부가 결정될 예정이다. 이들은 부동산 프로젝트파이낸싱(PF) 사업을 통해 830억원의 대출금을 외부로 빼돌린 혐의를 받고 있다. 서울중앙지법은 이들에 대한 구속 전 피의자 심문을 진행할 계획이다. 검찰은 금융감독원의 수사 의뢰를 받아 LS증권과 현대건설 본사 등 여러 곳을 압수수색했다. 이 사건은 특정경제범죄가중처벌 등에 관한 법률 위반 혐의로 다뤄지고 있다.,2024-11-22,0.0021509856218472124,0.11310911509499419,0.8847399294376374
'태안해상풍력 프로젝트' 우선협상대상자에 <b>LS</b>전선·<b>LS</b>마린솔루션,"LS전선과 LS마린솔루션이 충남 태안해상풍력의 해저케이블 공급 우선협상대상자로 선정되었습니다. 태안해상풍력은 싱가포르의 재생에너지 기업 뷔나에너지가 충남 태안군 인근 해상에 약 500메가와트 규모로 조성하는 대규모 해상풍력 단지입니다. LS전선은 해저케이블을 공급하고, LS마린솔루션은 시공을 맡아 설계, 생산, 시공의 통합 솔루션을 제공합니다. LS전선은 이번 프로젝트를 통해 국내 해상풍력 산업 발전과 글로벌 시장 선점에 기여할 계획입니다. 정부는 2026년까지 총 7~8기가와트의 해상풍력 입찰 계획을 발표했으며, LS전선은 이에 맞춰 글로벌 해상풍력 개발사와의 협력을 강화하고 있습니다.",2024-11-21,0.4544060536893085,0.0011950627434998752,0.5443989117164165
"검찰, ‘PF 미공개 정보 이용’ <b>LS</b>증권 임직원 3명 구속영장 청구","검찰이 LS증권 전직 본부장 A씨 등 3명을 '직무상 정보 사적 이용' 혐의로 구속영장을 청구했습니다. 이들은 미공개 정보를 이용해 부동산 프로젝트파이낸싱 사업을 시행하고, 대출금 830억 원을 외부로 유출한 혐의를 받고 있습니다. 금융감독원은 지난해 여러 증권사를 대상으로 불법 관행을 적발하고 검찰에 수사를 의뢰했습니다. 검찰은 LS증권과 현대건설 본사 등 10여 곳을 압수수색하며 수사를 진행 중입니다. A씨는 대출 주선 후 전환사채 매각 대금 명목으로 500억 원을 받거나 고금리 금전 대여를 한 정황이 포착되었습니다.",2024-11-22,0.00017167804180644451,0.00027216260932618754,0.9995561957359314
"검찰, '미공개 정보 이용' <b>LS</b>증권 전 임원 등 구속영장",검찰은 LS증권 전직 본부장 등 3명이 부동산 관련 직무상 정보를 사적으로 이용한 혐의로 구속영장을 청구했다. 이들은 부동산 프로젝트파이낸싱(PF) 사업에서 직무상 알게 된 미공개 정보를 이용해 830억 원의 대출금을 유출한 혐의를 받고 있다. 금융감독원은 A씨가 대출을 주선하고 전환사채 매각 대금으로 500억 원을 받거나 여러 시행사에 고금리로 금전을 대여한 정황을 확인했다. 이에 따라 검찰은 LS증권과 현대건설 본사 등 10여 곳을 압수수색하며 수사를 진행 중이다. 이번 사건은 자본시장법 위반 및 특정경제범죄 가중처벌법상 배임 혐의로 주목받고 있다.,2024-11-22,0.00015972851106198503,0.0002614945929963142,0.9995788097381592
"&quot;<b>LS</b>, 주가 하락 과도…<b>LS</b>전선 중심으로 실적 성장 기대&quot;","LS의 주가는 최근 LS MnM의 3분기 영업이익 부진과 트럼프 대통령 당선에 따른 미국 전력선 사업 우려로 하락했습니다. 그러나 이는 과도한 주가 조정으로, LS의 밸류에이션 매력이 부각되고 있습니다. 2025년에도 LS전선을 중심으로 풍부한 수주잔고가 실적 성장을 이끌 것으로 기대됩니다. LS MnM의 영업이익 부진은 일시적인 현상이며, 헤지 효과로 인해 세전이익은 영업이익의 2.5배에 달했습니다. 또한, LS전선의 미국 해저케이블 공장은 유럽향 매출로 대응할 수 있으며, 동해공장 증설 효과는 2026년 하반기부터 본격화될 예정입니다.",2024-11-20,0.000159769321908243,0.00016959551139734687,0.999670684337616
"<b>LS</b>마린솔루션-<b>LS</b>전선, 태안해상풍력 해저케이블 우협 선정","LS전선과 LS마린솔루션이 충남 태안해상풍력의 해저케이블 공급 우선협상대상자로 선정되었습니다. 이 프로젝트는 싱가포르 기반의 재생에너지 기업 뷔나에너지가 충남 태안군 인근 해상에 약 500메가와트 규모로 조성하는 대규모 해상풍력 단지입니다. LS전선은 해저케이블 공급을, LS마린솔루션은 시공을 맡아 통합 솔루션을 제공하며 프로젝트의 효율성과 안정성을 극대화할 계획입니다. LS전선은 글로벌 해상풍력 개발사들과 협력을 강화하며 국내 해상풍력 시장에서 선도적인 역할을 하고 있습니다. ㈜태안풍력발전은 LS전선의 기술력과 실적을 바탕으로 프로젝트를 성공적으로 추진할 계획입니다.",2024-11-21,0.7818074857117608,0.0004989607012248598,0.21769355816068128
"검찰, ‘PF 미공개 정보 이용’ <b>LS</b>증권 임직원 3명 구속영장 청구","검찰은 LS증권의 전현직 임직원 3명이 내부 정보를 이용해 회삿돈 수백억 원을 외부로 빼돌린 혐의로 구속영장을 청구했다. 이들은 자본시장법 위반과 특정경제범죄 가중처벌법 위반(배임) 등의 혐의를 받고 있다. A씨 등은 개발 진행 정보를 이용해 자신이 지배하는 법인이 PF 사업을 시행하도록 하고, 증권사 내부의 PF 대출금 830억 원을 외부로 유출한 혐의를 받고 있다. 금융감독원은 지난해 10월부터 12월까지 5개 증권사를 대상으로 기획검사를 실시해 불법 관행을 적발하고 검찰에 수사를 의뢰했다. 이번 사건은 금융감독원의 기획검사 결과에 따른 것으로, 증권사 내부의 불법 행위에 대한 수사가 진행 중이다.",2024-11-22,0.00016289842897094787,0.00044653454096987844,0.9993905425071716
"<b>LS</b>전선-덴마크 CIP, 대규모 부유식 해상풍력발전 사업 맞손","LS전선은 덴마크의 그린에너지 투자개발사 CIP와 '해울이3 해상풍력 협력의향서'를 체결했습니다. 해울이 해상풍력 프로젝트는 울산 연안에서 약 80㎞ 떨어진 해상에 2030년까지 1.5GW 규모의 부유식 해상풍력단지를 조성하는 것을 목표로 하고 있습니다. 부유식 해상풍력은 터빈을 해저에 고정하지 않고 부유물 위에 설치하는 방식으로, 해안가 설치 공간 부족 문제를 해결할 수 있는 대안으로 주목받고 있습니다. LS전선은 국내 최초로 부유식용 다이내믹 해저 케이블을 개발해 국제 인증을 취득했으며, 자회사와 협력해 해상풍력 밸류체인을 강화하고 있습니다. 정부는 2026년까지 총 2.5~3GW 규모의 부유식 해상풍력 입찰 계획을 발표했으며, LS전선은 글로벌 개발사와의 협력을 통해 이 시장에 적극적으로 참여하고 있습니다.",2024-11-20,0.19995600440888667,0.00022808198118582368,0.7998158886097372
"<b>LS</b>전선, 태안해상풍력 해저케이블 우협대상 선정","LS전선과 LS마린솔루션은 충남 태안해상풍력 프로젝트의 해저케이블 공급 우선협상대상자로 선정되었습니다. 이 프로젝트는 싱가포르 기반의 재생에너지 기업 뷔나에너지가 충남 태안군 근흥면 인근 해상에 약 500㎿ 규모로 조성하는 대규모 해상풍력 단지로, 2029년 완공을 목표로 하고 있습니다. LS전선은 해저케이블 공급을 담당하고, LS마린솔루션은 시공을 맡아 설계부터 생산 및 시공까지 통합 솔루션을 제공할 예정입니다. 정부는 2026년까지 총 7~8GW의 해상풍력 입찰 계획을 발표했으며, LS전선은 글로벌 해상풍력 개발사들과의 협력을 강화하고 있습니다. ㈜태안풍력발전의 정광진 대표는 LS전선의 기술력과 실적이 프로젝트의 성공적인 실행에 중요한 기반이 될 것이라고 언급했습니다.",2024-11-21,0.6573624195996672,0.000921449507586658,0.3417161305435002
내부정보로 PF 대출받아 830억 빼내‥<b>LS</b>증권 전 임원 등 영장,"검찰이 LS증권 전직 본부장 등 3명을 '직무상 정보 사적 이용' 혐의로 수사 중입니다. 이들은 미공개 정보를 이용해 부동산 프로젝트파이낸싱 사업을 시행하고, 대출금 830억 원을 외부로 유출한 혐의를 받고 있습니다. 구속 전 영장실질심사는 서울중앙지법에서 열릴 예정입니다. 금융감독원은 이들이 대출 주선 후 전환사채 매각 대금 명목으로 500억 원을 받거나, 고금리 금전 대여를 한 정황을 포착해 수사를 의뢰했습니다. 검찰은 사건을 넘겨받아 LS증권과 현대건설 본사 등 10여 곳을 압수수색했습니다.",2024-11-22,0.022902802858152427,0.14117366443388163,0.8359235316514969
PF 대출받아 830억 빼돌린 <b>LS</b> 증권 전 임직원들 구속영장,"검찰은 LS증권 전직 임직원들이 직무상 정보를 사적으로 이용한 혐의로 구속영장을 청구했습니다. 이들은 미공개 정보를 활용해 부동산 프로젝트파이낸싱 사업을 진행하며 대출금 830억 원을 외부로 빼돌린 혐의를 받고 있습니다. 검찰은 금융감독원의 의뢰로 수사를 시작했으며, LS증권과 현대건설 본사 등 여러 곳을 압수수색했습니다. 금융감독원은 A 씨가 PF 대출을 주선한 후 시행사로부터 전환사채 매각 대금 명목으로 500억 원을 받은 정황을 포착했습니다. 또한, A 씨는 여러 시행사에 고금리로 금전을 대여한 혐의도 받고 있습니다.",2024-11-22,0.00017962578276637943,0.00021699164499295877,0.9996033549308777
"검찰, '미공개정보 이용' 전 <b>LS</b>증권 임직원 구속영장","검찰은 전직 증권사 임직원들이 직무상 알게 된 미공개 정보를 개인적으로 유용한 혐의로 구속영장을 청구했습니다. 이들은 부동산 프로젝트파이낸싱(PF) 사업을 통해 830억원의 대출금을 외부로 유출한 혐의를 받고 있습니다. 금융감독원은 지난해 말부터 증권사들을 대상으로 PF 기획검사를 실시하고, 관련 자료를 검찰에 통보했습니다. 검찰은 이를 바탕으로 LS증권에 대한 압수수색을 진행하며 강제수사에 착수했습니다. 이번 사건은 자본시장법 위반 및 특정경제범죄가중처벌등에관한법률 위반 혐의가 적용되고 있습니다.",2024-11-22,0.00016469909751322122,0.00035780539328698067,0.9994774580001831
"<b>LS</b>전선, CIP와 국내 최대 부유식 해상풍력 협력의향서 체결","LS전선은 덴마크의 그린에너지 투자개발사 CIP와 협력하여 울산 앞바다에 조성되는 부유식 해상풍력단지에 해저 케이블을 공급하기로 했다. 해울이해상풍력발전은 2030년까지 총 1.5GW 규모의 부유식 해상풍력단지 3개를 조성할 계획이며, 이번 협력의향서를 통해 해울이 해상풍력 3 프로젝트에 우선적으로 협력할 예정이다. 부유식 해상풍력은 터빈을 해저에 고정하지 않고 부유물 위에 설치하는 방식으로, LS전선은 이를 위한 다이내믹 해저 케이블을 개발하고 국제 인증을 취득했다. LS전선은 자회사와의 협력을 통해 해상풍력 밸류체인을 강화하고 있으며, 글로벌 시장에서도 경쟁력을 높이고 있다. 정부는 2026년까지 2.5~3GW 규모의 부유식 해상풍력 입찰 계획을 발표했으며, LS전선은 이에 맞춰 글로벌 개발사와의 협력을 강화하고 있다.",2024-11-20,0.197874973967555,0.0002613396703964099,0.8018636645749211
"[게시판] <b>LS</b>일렉트릭, 저소득 취약계층에 패딩점퍼 등 방한용품 전달","LS일렉트릭은 경기도 안양시의 안양시노인종합복지관을 통해 저소득 독거노인 250여 명에게 방한 의류와 방한화를 기부했습니다. 이번 기부는 약 5천만 원 상당의 물품으로 이루어졌으며, '온기 가득 방한복 나눔' 행사는 올해로 11회째를 맞이했습니다. LS일렉트릭은 앞으로도 사회공헌활동을 확대하고, 구성원이 나눔을 실천할 수 있는 다양한 프로그램을 마련할 계획이라고 밝혔습니다. 이 행사는 지역 사회의 취약계층을 지원하기 위한 노력의 일환으로 진행되었습니다. LS일렉트릭은 기업의 사회적 책임을 다하기 위해 지속적으로 노력하고 있습니다.",2024-11-20,0.7700788930087583,0.014177784032654017,0.2157433264364954
"검찰, 'PF 미공개 정보 이용' <b>LS</b>증권 임직원 3명 구속영장 청구",검찰은 부동산 프로젝트 파이낸싱 관련 의혹으로 LS증권의 전·현직 임직원 3명에 대해 구속영장을 청구했다. 이들은 현대건설이 참여한 부동산 PF 과정에서 얻은 정보를 이용해 부당 이득을 취한 혐의를 받고 있다. 금융감독원은 지난해 여러 증권사를 대상으로 기획검사를 실시해 불법 관행을 적발하고 검찰에 수사를 의뢰했다. LS증권의 한 임원은 사업장 개발 정보를 이용해 자신이 지배하는 법인을 통해 전환사채를 취득하고 되팔아 약 500억원의 이득을 챙긴 것으로 조사됐다. 검찰은 이들의 행위가 자본시장법 위반 및 배임에 해당한다고 보고 있다.,2024-11-22,0.00017603943997528403,0.000227657106006518,0.9995963096618652
"<b>LS</b>전선, CIP와 국내 최대 부유식 해상풍력 협력의향서 체결","LS전선은 덴마크의 코펜하겐 인프라스트럭처 파트너스(CIP)와 해울이3 해상풍력 협력의향서를 체결했습니다. 해울이1~3 해상풍력 프로젝트는 울산 동쪽 해역에 1.5GW 규모로 조성되는 국내 최대 부유식 해상풍력단지입니다. 부유식 해상풍력은 터빈을 해저에 고정하지 않고 부유물 위에 설치하는 방식으로, 심해 지역에도 설치가 가능합니다. LS전선은 국내 최초로 부유식용 케이블을 개발해 국제 인증을 받았으며, 이를 통해 한국 부유식 해상풍력 산업의 경쟁력을 강화하고 글로벌 시장 선점에 기여할 계획입니다. 해울이해상풍력발전의 조나단 스핑크 대표는 LS전선과의 협력이 한국 해상풍력 공급망 기업들과의 파트너십을 강화하는 데 기여할 것이라고 밝혔습니다.",2024-11-20,0.20079381816321984,0.00046748268068768083,0.7987386704422533
"경찰, ‘<b>LS</b>전선 해저케이블 기술 유출 의혹’ 대한전선 압수수색","경찰이 LS전선의 해저케이블 기술 유출 의혹을 조사하기 위해 대한전선을 세 번째로 압수수색하고 있다. 이번 수사는 LS전선의 해저케이블 기술이 대한전선으로 넘어갔는지를 확인하기 위한 것이다. 대한전선의 해저케이블 공장은 가운종합건축사무소가 설계했으며, 경찰은 이 과정에서 기술 유출이 있었는지를 조사 중이다. LS전선은 기술 탈취가 사실로 드러날 경우 법적 조치를 취하겠다고 밝혔고, 대한전선은 이를 부인하고 있다. 경찰은 부정경쟁방지법 위반 혐의로 대한전선과 가운종합건축사무소 관계자들을 형사 입건했다.",2024-11-22,0.00036820458190049975,0.019058173149824144,0.9805736422538758
"CIP, <b>LS</b>전선과 부유식 해상풍력 해저케이블","서울시 종로구에서 열린 체결식에서 LS전선과 해울이해상풍력발전이 해상풍력 협력의향서를 체결했습니다. LS전선은 해울이해상풍력발전의 1.5GW 규모 프로젝트 중 3 프로젝트에 해저케이블을 공급할 예정입니다. 이번 협력은 LS전선의 해저케이블 전문성을 인정받아 국내외 해상풍력 프로젝트에 기여하는 중요한 의미를 가집니다. 해울이해상풍력발전은 울산에서 1.5GW 규모의 부유식 해상풍력단지 개발을 추진 중이며, 환경영향평가 승인을 완료했습니다. 양사는 한국 해상풍력 산업의 경쟁력을 강화하고 글로벌 시장을 선점하기 위해 협력할 계획입니다.",2024-11-20,0.5767856450635008,0.005668156125466339,0.41754620395367964
"<b>LS</b>일렉트릭, 올해도 취약계층에 방한용품 전달",LS일렉트릭은 11년째 지역 취약계층을 위해 방한용품을 기부하고 있습니다. 최근에는 경기 안양시노인종합복지관을 통해 저소득 독거노인 250여 명에게 약 5000만 원 상당의 방한의류와 방한화를 전달했습니다. 이 행사는 추운 겨울을 대비해 어려운 이웃의 월동 준비를 돕기 위해 마련되었습니다. LS일렉트릭 임직원 봉사단은 방한용품을 준비하며 따뜻한 정을 나누고 있습니다. 이러한 활동은 지역 사회에 긍정적인 영향을 미치고 있습니다.,2024-11-20,0.5630701626650989,0.1854948401567526,0.25143501901766285
<b>LS</b>전선 &quot;부유식 해상풍력 경쟁력 선도&quot;,"LS전선은 덴마크의 그린에너지 투자개발사 CIP와 '해울이3 해상풍력' 프로젝트에 대한 협력의향서를 체결했습니다. 해울이 해상풍력 프로젝트는 총 1.5기가와트 규모로, CIP는 2030년까지 울산에서 약 80㎞ 떨어진 해상에 풍력 단지를 조성할 계획입니다. LS전선은 국내 최초로 부유식용 다이내믹 해저 케이블을 개발하고 국제 인증을 받았으며, 자회사와의 협력을 통해 해상풍력 밸류체인을 강화하고 있습니다. 구본규 LS전선 사장은 이 기술력이 한국 부유식 해상풍력 산업의 경쟁력을 강화하고 글로벌 시장 선점에 기여할 것이라고 밝혔습니다. CIP의 조너선 스핑크 대표는 한국 해상풍력 공급망 기업들과의 파트너십을 통해 산업 경쟁력과 협력 가치를 높이겠다고 강조했습니다.",2024-11-20,0.24853626259719022,0.0009054611728060991,0.7505582502461039
<b>LS</b>전선 부유식 해저케이블 울산 해상풍력 단지에 공급,"LS전선은 덴마크의 그린에너지 투자개발사 CIP와 '해울이3 해상풍력 협력의향서'를 체결했습니다. 해울이 해상풍력 프로젝트는 총 1.5기가와트 규모로, 울산 연안에서 약 80㎞ 떨어진 해상에 2030년까지 조성될 예정입니다. 이번 협력의향서는 해울이 해상풍력 3 프로젝트에 관한 것으로, 부유식 해상풍력 기술을 활용하여 공간 부족 문제를 해결할 수 있는 대안으로 주목받고 있습니다. LS전선은 국내 최초로 부유식용 다이내믹 해저 케이블을 개발하고 국제 인증을 취득하여 시장 경쟁력을 강화하고 있습니다. LS전선과 CIP는 한국 해상풍력 산업의 경쟁력을 높이고 글로벌 시장을 선점하기 위해 협력을 강화할 계획입니다.",2024-11-20,0.39907347664702686,0.0002519675879739225,0.6006745505030266
"부동산PF 대출금 830억 외부 유출…檢, <b>LS</b>증권 前임원 등 구속영장","검찰은 LS증권의 전직 임직원 3명이 미공개 정보를 이용해 수백억 원대의 자금을 빼돌린 혐의로 구속영장을 청구했다. 이들은 부동산 프로젝트파이낸싱(PF) 사업을 직접 시행하고, PF 대출금 830억 원을 외부로 유출한 혐의를 받고 있다. 이번 수사는 금융감독원의 의뢰로 시작되었으며, 지난달 LS증권과 현대건설 본사 등 10여 곳을 압수수색했다. 또한, 조국 법무부 장관의 '사모펀드 의혹'과 관련하여 그의 5촌 조카에 대한 구속영장이 청구되었고, 조 장관의 부인 정경심 교수의 소환도 임박했다는 관측이 나오고 있다. 검찰은 자본시장법 위반 및 특정경제범죄법 위반(배임) 혐의로 이 사건을 조사 중이다.",2024-11-22,0.0003765578818274662,0.0013004168155021033,0.9983230590820312
내부정보로 PF 대출받아 830억 빼내…<b>LS</b>증권 전 임원 등 구속영장 청구,"서울중앙지검 반부패수사3부는 LS증권 전직 본부장 김모씨 등 3명에 대해 구속영장을 청구했다. 이들은 부동산 프로젝트파이낸싱(PF) 대출 업무 중 알게 된 정보를 이용해 PF 사업을 직접 시행하고, 대출금 830억원을 외부로 유출한 혐의를 받고 있다. 금융감독원은 김씨가 PF 대출을 주선한 후 전환사채 매각 대금 명목으로 500억원을 받고, 여러 시행사에 고금리로 금전을 대여한 정황을 파악해 검찰에 수사를 의뢰했다. 검찰은 LS증권과 현대건설 본사 등 10여 곳을 압수 수색하며 수사를 진행해왔다. 이들에 대한 영장실질심사는 27일 서울중앙지법에서 열릴 예정이다.",2024-11-22,0.022303697076858954,0.009488429735938553,0.9682078957557678
"<b>LS</b>증권, 비전 연계 사회공헌 진행... ''선한 영향력 펼쳐&quot;","LS증권은 임직원 200여명과 함께 다양한 사회공헌 활동을 진행했습니다. 이 회사는 새로운 비전인 ""담대한 도전, 내일의 가치를 만들어가는 LS증권""을 내재화하기 위해 여러 사업부를 5개 부문으로 묶어 활동을 기획했습니다. 각 사업부는 여의도 샛강 생태공원 무장애길 보수, 소외계층 아동을 위한 케이크 만들기, 현충원 참배 및 묘역 정화, 국가유산 지킴이, 단체 헌혈 등 다양한 활동을 추진했습니다. 이러한 활동은 10월부터 11월까지 진행되었으며, 참여 인원은 이전보다 4배 이상 증가했습니다. LS증권은 앞으로도 비전을 내재화하고 선한 영향력을 전하기 위해 지속적으로 사회공헌 활동을 확대할 계획입니다.",2024-11-21,0.59902868749341,0.0004716583585832268,0.4004996793810278
"<b>LS</b>전선·<b>LS</b>마린솔루션, 태안풍력단지 해저케이블 공급 우선대상자 선정","LS전선과 LS마린솔루션이 충남 태안해상풍력의 해저케이블 공급 우선협상대상자로 선정되었습니다. 태안해상풍력은 싱가포르의 뷔나에너지가 충남 태안군 근흥면 인근 해상에 약 500㎿ 규모로 조성하는 대규모 해상풍력 단지로, 2029년 완공을 목표로 하고 있습니다. LS전선은 해저케이블 공급을, LS마린솔루션은 시공을 맡아 설계부터 생산까지 통합 솔루션을 제공할 예정입니다. 정부는 2026년까지 총 7~8GW의 해상풍력 입찰 계획을 발표했으며, LS전선은 글로벌 해상풍력 개발사들과 협력을 강화하여 국내 시장을 주도할 계획입니다. 태안풍력발전의 정광진 대표는 LS전선의 기술력과 실적이 프로젝트의 성공적인 실행에 중요한 기반이 될 것이라고 강조했습니다.",2024-11-21,0.4380984137766063,0.001459258748218417,0.5604423031210899
"<b>LS</b>전선-<b>LS</b>마린솔루션, 태안해상풍력 해저케이블우선협상대상자 선정","LS전선과 LS마린솔루션이 충남 태안해상풍력의 해저케이블 공급 우선협상대상자로 선정되었습니다. 태안해상풍력은 싱가포르 기반의 뷔나에너지가 충남 태안군 근흥면 인근 해상에 약 500㎿ 규모로 조성하는 대규모 해상풍력 단지로, 2029년 완공을 목표로 하고 있습니다. LS전선은 해저케이블 공급을, LS마린솔루션은 시공을 맡아 설계부터 생산 및 시공까지 통합 솔루션을 제공할 예정입니다. 정부는 2026년까지 총 7~8GW의 해상풍력 입찰 계획을 발표했으며, LS전선은 글로벌 해상풍력 개발사들과 협력을 강화하고 있습니다. ㈜태안풍력발전의 정광진 대표는 LS전선의 기술력과 실적이 프로젝트의 성공적인 실행을 위한 중요한 기반이 될 것이라고 강조했습니다.",2024-11-21,0.4279932943638414,0.0012952584191225469,0.5707114767283201
"<b>LS</b>전선, 덴마크 CIP와 국내 최대 '부유식 해상풍력' 협력","LS전선은 울산 앞바다에서 조성되는 부유식 해상풍력단지에 해저 케이블을 공급하기 위해 글로벌 투자개발사들과 협력을 확대하고 있습니다. 이 회사는 덴마크의 그린에너지 투자개발사 CIP와 협력의향서를 체결하여, 2030년까지 1.5기가와트 규모의 부유식 해상풍력 프로젝트를 추진하고 있습니다. 부유식 해상풍력은 터빈을 해저에 고정하지 않고 부유물 위에 설치하는 방식으로, 해안가 설치 공간 부족 문제를 해결할 수 있는 대안으로 주목받고 있습니다. LS전선은 국내 최초로 부유식용 다이내믹 해저 케이블을 개발하고 국제 인증을 취득했으며, 자회사 LS마린솔루션과의 협력을 통해 해상풍력 밸류체인을 강화하고 있습니다. 정부는 2026년까지 2.5~3GW 규모의 부유식 해상풍력 입찰 계획을 발표했으며, LS전선은 이에 맞춰 노르웨이 에퀴노르와 업무협약을 체결했습니다.",2024-11-20,0.15067453730443958,0.0004703503072960302,0.8488550901412963
"<b>LS</b>전선, CIP와 국내 최대 부유식 해상풍력 협력의향서 체결","LS전선은 울산 앞바다에 조성되는 부유식 해상풍력단지에 해저 케이블을 공급하기 위해 글로벌 투자개발사들과 협력을 확대하고 있습니다. 이 회사는 덴마크의 그린에너지 투자개발사 CIP와 협력의향서를 체결하여 해울이 해상풍력 3 프로젝트를 추진하고 있습니다. 부유식 해상풍력은 터빈을 해저에 고정하지 않고 부유물 위에 설치하는 방식으로, 해안가 설치 공간 부족 문제를 해결할 수 있는 대안으로 주목받고 있습니다. LS전선은 국내 최초로 부유식용 다이내믹 해저 케이블을 개발하고 국제 인증을 취득했으며, 자회사 LS마린솔루션과의 협력을 통해 해상풍력 밸류체인을 강화하고 있습니다. 정부는 2026년까지 총 2.5~3GW 규모의 부유식 해상풍력 입찰 계획을 발표했으며, LS전선은 이에 맞춰 글로벌 개발사와의 협력을 강화하고 있습니다.",2024-11-20,0.18824220229580532,0.0003561891964636743,0.8114015862345696
"[클릭 e종목]&quot;<b>LS</b>, 과도한 주가 하락‥수주 견조·밸류에이션 매력&quot;","NH투자증권은 LS그룹의 지주사인 LS의 주가가 적정가치보다 과도하게 하락했다고 평가했습니다. LS 주가 하락의 원인으로는 자회사 LS MnM의 3분기 영업이익 부진과 미국 전력선 사업에 대한 우려가 지목되었습니다. 그러나 LS전선을 중심으로 한 실적 성장세는 내년에도 지속될 것으로 예상되며, 주가순이익비율(PER)과 주가순자산비율(PBR)이 낮은 수준에 머물고 있습니다. LS전선의 미국 해저케이블 공장은 유럽향 물량 생산으로 대응할 수 있으며, 동해 공장 증설 효과는 2026년 하반기부터 본격화될 것으로 보입니다. 또한, LS는 전력선 밸류체인을 강화하기 위해 자회사 지분을 늘리고 있으며, 일부 자회사의 기업공개(IPO) 가능성도 열려 있습니다.",2024-11-20,0.000160369006334804,0.00016350228106603025,0.9996761441230774
PF 대출받아 830억 외부 유출…<b>LS</b>증권 전현직 임직원 구속영장 청구,"검찰은 LS증권 전직 본부장 A 씨 등 3명이 직무상 알게 된 미공개 정보를 이용해 부동산 PF 대출금 830억 원을 유출한 혐의로 구속영장을 청구했다. 이들은 부동산 PF 사업을 직접 시행하고, 대출금을 외부로 유출해 취득한 혐의를 받고 있다. 금융감독원의 의뢰로 수사가 시작되었으며, 검찰은 LS증권과 현대건설 본사 등 10여 곳을 압수수색했다. 금감원은 A 씨가 대출을 주선한 뒤 전환사채 매각 대금 명목으로 500억 원을 받거나 여러 시행사에 고금리로 금전을 대여한 정황을 확인했다. 이러한 혐의로 인해 전현직 증권사 임직원 3명에 대해 자본시장법 위반 및 특정경제범죄 가중처벌법상 배임 혐의가 적용되었다.",2024-11-22,0.0001776236545993015,0.0002300025022123009,0.999592387676239
"<b>LS</b>증권 &quot;임직원, 단체헌혈 등 '비전 연계' 사회공헌 활동 진행&quot;","LS증권은 임직원 200명이 참여하여 다양한 사회공헌 활동을 진행했다고 밝혔습니다. 이 활동은 리서치, 경영지원, 리테일 등 여러 사업부를 5개 부문으로 묶어 두 달간 진행되었습니다. 활동 내용으로는 여의도 샛강 생태공원 무장애길 보수, 소외계층 아동을 위한 케이크 만들기, 현충원 참배 및 묘역 정화 등이 포함되었습니다. 이러한 사회공헌 활동은 LS증권의 새로운 비전인 '담대한 도전, 내일의 가치를 만들어가는 LS증권'을 내재화하기 위한 목적이 있습니다. LS증권은 앞으로도 비전을 내재화하고 선한 영향력을 전하기 위해 더 좋은 사회공헌 활동을 추진할 계획입니다.",2024-11-21,0.6050085699651391,0.0016402761946665123,0.3933511681621894
"<b>LS</b>전선, 덴마크 CIP와 손잡고 국내 최대 부유식 해상풍력단지 공략","LS전선은 덴마크의 그린에너지 투자개발사 CIP와 '해울이3 해상풍력 협력의향서'를 체결하여 울산 앞바다에 조성되는 부유식 해상풍력단지에 해저 케이블을 공급할 계획이다. 해울이 해상풍력 프로젝트는 총 1.5GW 규모로, CIP가 2030년까지 울산 연안에서 약 80km 떨어진 해상에 조성할 예정이다. 부유식 해상풍력은 터빈을 해저에 고정하지 않고 부유물 위에 설치하는 방식으로, 해안가 설치 공간 부족 문제를 해결할 수 있는 대안으로 주목받고 있다. LS전선은 국내 최초로 부유식용 다이내믹 해저 케이블을 개발하고 국제 인증을 취득하여 한국 부유식 해상풍력 산업의 경쟁력을 강화하고 있다. 정부는 2026년까지 총 2.5~3GW 규모의 부유식 해상풍력 입찰 계획을 발표했으며, LS전선은 이에 맞춰 글로벌 개발사와의 협력을 강화하고 있다.",2024-11-20,0.20105752097442747,0.00022200601670192556,0.798720473004505
"<b>LS</b>마린솔루션-<b>LS</b>전선, 태안해상풍력 해저케이블 우선협 선정","LS전선과 LS마린솔루션이 충남 태안해상풍력의 해저케이블 공급 우선협상대상자로 선정되었습니다. 태안해상풍력은 싱가포르 기반의 재생에너지 기업 뷔나에너지가 충남 태안군 근흥면 인근 해상에 약 500MW 규모로 조성하는 대규모 해상풍력 단지입니다. LS전선은 해저케이블 공급을, LS마린솔루션은 시공을 맡아 설계부터 생산, 시공까지 통합 솔루션을 제공할 예정입니다. 정부는 2026년까지 총 7~8GW의 해상풍력 입찰 계획을 발표했으며, LS전선은 글로벌 해상풍력 개발사들과 협력을 강화하고 있습니다. ㈜태안풍력발전은 아시아태평양 지역에서 다양한 재생에너지 포트폴리오를 보유한 뷔나에너지가 투자한 법인입니다.",2024-11-21,0.23082588384859265,0.001308572053676471,0.7678655907511711
"<b>LS</b>일렉트릭, 안양 저소득 노인에 방한복 나눔","LS일렉트릭은 경기도 안양시 노인종합복지관을 통해 저소득 독거노인 250여 명에게 약 5000만 원 상당의 방한의류와 방한화를 기부했습니다. 이 행사는 올해로 11회째를 맞이하며, 추운 겨울 어려운 이웃의 월동 준비를 돕기 위해 진행되고 있습니다. LS일렉트릭은 2014년부터 각 사업장 지역에서 저소득 소외계층을 대상으로 다양한 사회공헌 활동을 펼치고 있습니다. 이러한 활동에는 방한복 전달, 명절 도시락 선물, 냉방용품 및 난방용품 기부 등이 포함됩니다. 회사는 앞으로도 사회공헌활동을 확대하고, 구성원이 나눔을 실천할 수 있는 다양한 프로그램을 마련할 계획입니다.",2024-11-20,0.6080412396811881,0.17030314145376907,0.2216556086204946
"<b>LS</b> 일렉트릭, 지역 취약계층 250여명에 '방한용품' 전달",LS일렉트릭은 안양시노인종합복지관을 통해 저소득 독거노인 250여 명에게 약 5000만원 상당의 방한의류와 방한화를 기부했습니다. 이 행사는 'LS일렉트릭과 함께하는 온기 가득 방한복 나눔'이라는 이름으로 진행되었습니다. LS일렉트릭은 2014년부터 지역 사회의 소외계층을 위한 맞춤형 지원 프로그램을 운영해 왔습니다. 이번 방한복 전달 행사는 회사의 사회공헌 철학에 따라 추운 겨울을 대비해 어려운 이웃을 돕기 위해 마련되었습니다. LS일렉트릭은 앞으로도 사회공헌활동을 확대하고 다양한 나눔 프로그램을 통해 기업의 사회적 책임을 다할 계획입니다.,2024-11-20,0.7541950019270492,0.003490619143121876,0.24231437872125147
"<b>LS</b>일렉트릭, 안양시 취약계층에 방한용품 기부","LS일렉트릭은 경기 안양시노인종합복지관을 통해 저소득 독거노인 250여 명에게 약 5000만원 상당의 방한용품을 기부했습니다. 이번 기부 행사는 'LS일렉트릭과 함께하는 온기 가득 방한복 나눔'이라는 이름으로 진행되었으며, 올해로 11회째를 맞이했습니다. LS일렉트릭은 이상기온으로 인한 한파에 대비해 이웃들에게 방한용품이 도움이 되기를 바란다고 밝혔습니다. 회사는 앞으로도 다양한 프로그램을 통해 기업의 사회적 책임을 다할 계획이라고 전했습니다. 이번 기부는 지역 취약계층을 위한 사회공헌 활동의 일환으로 이루어졌습니다.",2024-11-20,0.6203049700008705,0.017149379255715757,0.36254565278068185
"<b>LS</b>전선·<b>LS</b>마린솔루션, 태안해상풍력 해저케이블 우선협상 선정","LS전선과 LS마린솔루션이 충남 태안해상풍력의 해저케이블 공급 우선협상대상자로 선정되었습니다. 태안해상풍력은 싱가포르 기반의 뷔나에너지가 충남 태안군 근흥면 인근 해상에 약 500메가와트 규모로 조성하는 대규모 해상풍력 단지입니다. LS전선은 해저케이블 공급을 담당하고, LS마린솔루션은 설계부터 생산 및 시공까지 통합 솔루션을 제공하여 프로젝트의 효율성과 안정성을 높일 계획입니다. LS전선은 독보적인 기술력을 바탕으로 국내 해상풍력 산업 발전과 글로벌 시장 선점에 기여할 것이라고 밝혔습니다. 정부는 2026년까지 총 7~8기가와트의 해상풍력 입찰 계획을 발표했으며, LS전선은 이에 맞춰 글로벌 해상풍력 개발사들과 협력을 강화하고 있습니다.",2024-11-21,0.4328465993225109,0.0011762496957089751,0.5659771396080032
"<b>LS</b>증권 임직원 200여명, 단체헌혈 등 사회공헌 활동","LS증권은 10월부터 11월까지 사업부별로 다양한 사회 공헌 활동을 진행했습니다. 리서치, 경영지원, 리테일, 홀세일, 투자은행 부문의 임직원 200여 명이 참여했습니다. 이들은 서울 여의도 생태공원 무장애길 보수, 소외계층 아동을 위한 케이크 만들기, 현충원 참배 및 묘역 정화, 단체 헌혈 등의 활동을 했습니다. 이러한 활동은 LS증권의 새로운 비전인 '담대한 도전, 내일의 가치를 만들어가는 LS증권'을 내재화하기 위한 노력의 일환입니다. LS증권은 사회 공헌을 통해 기업의 사회적 책임을 다하고자 합니다.",2024-11-21,0.3129969696805347,0.040443194287945516,0.6465598657727242
"검찰, 'PF 미공개 정보 이용' <b>LS</b>증권 전 임직원 구속영장 청구","검찰은 LS증권의 전현직 임직원들이 내부 정보를 이용해 회삿돈을 외부로 빼돌린 혐의로 구속영장을 청구했습니다. 이들은 자본시장법 위반과 특가법상 배임 등의 혐의를 받고 있습니다. LS증권의 전 본부장 A씨를 포함한 3명이 구속영장 청구 대상입니다. 이들은 직무상 알게 된 미공개 정보를 활용해 부동산 프로젝트파이낸싱 사업을 직접 시행했습니다. 또한, PF 대출금 830억원을 외부로 유출한 혐의도 받고 있습니다.",2024-11-22,0.0002572139987023547,0.00036895105295116083,0.9993738293647766
겨울 데우는 <b>LS</b>일렉트릭 온기…취약계층에 방한복 나눔,"LS일렉트릭은 안양시노인종합복지관을 통해 저소득 독거노인 250여 명에게 약 5천만 원 상당의 방한의류와 방한화를 기부하는 행사를 진행했습니다. 이 행사는 올해로 11회째를 맞이하며, LS일렉트릭은 지역 사회에 기여하는 것을 사회공헌의 기본으로 인식하고 있습니다. 이번 기부는 이상기온으로 인한 한파에 대비해 어려운 이웃의 월동 준비를 돕기 위한 것입니다. LS일렉트릭은 앞으로도 사회공헌활동을 확대하고, 구성원이 나눔을 실천할 수 있는 다양한 프로그램을 마련할 계획입니다. 또한, LS일렉트릭은 생태보존과 환경문제 해결, 미래세대 어린이 후원 등 다양한 사회공헌 캠페인을 연중 진행하고 있습니다.",2024-11-20,0.5558560807257891,0.04495298939291388,0.39919092719210314
"<b>LS</b>일렉트릭, 지역 취약계층에 ‘온기 가득’ 방한복 나눔","LS일렉트릭은 경기도 안양시의 저소득 독거노인 250여 명에게 약 5000만원 상당의 방한 의류와 방한화를 기부했습니다. 이 행사는 'LS일렉트릭과 함께하는 온기 가득 방한복 나눔'이라는 이름으로 진행되었으며, 올해로 11회째를 맞이했습니다. LS일렉트릭은 지역 사회에 기여하는 것을 사회공헌의 기본으로 삼고 있으며, 이번 기부는 추운 겨울을 대비해 어려운 이웃을 돕기 위한 것입니다. 회사는 앞으로도 사회공헌활동을 확대하고, 구성원이 나눔을 실천할 수 있는 다양한 프로그램을 마련할 계획이라고 밝혔습니다. LS일렉트릭은 2014년부터 각 사업장 지역의 저소득 소외계층을 대상으로 계절에 맞춘 지원 프로그램을 시행해오고 있습니다.",2024-11-20,0.5982815860188566,0.0010020849294960499,0.4007163457456045
"<b>LS</b>전선, 덴마크 투자개발사와 부유식 해상풍력사업 협력","LS전선은 덴마크의 그린에너지 투자개발사인 코펜하겐 인프라스트럭쳐 파트너스(CIP)와 협력하여 울산 앞바다에 조성되는 부유식 해상풍력단지에 해저 케이블을 공급할 예정이다. 해울이 해상풍력 프로젝트는 울산 연안 80㎞ 거리 해상에 총 1.5GW 규모로 조성되며, 2030년까지 완공을 목표로 하고 있다. 부유식 해상풍력은 터빈을 해저에 고정하지 않고 부유물 위에 설치하여 깊은 바다에서도 발전할 수 있는 방식으로, 해안가 설치 공간 부족 문제를 해결할 수 있는 대안으로 주목받고 있다. LS전선은 국내 최초로 부유식용 다이내믹 해저 케이블을 개발하고 국제 인증을 취득하여 내구성을 확보했다. 구본규 LS전선 대표는 한국 부유식 해상풍력 산업의 경쟁력을 강화하고 글로벌 시장 선점에 기여하겠다는 의지를 밝혔다.",2024-11-20,0.2001966655952856,0.00018621266062837094,0.7996170928236097
"<b>LS</b>전선, 국내 최초 ‘다이내믹 해저케이블’ 상용화 추진","LS전선은 덴마크의 CIP와 '해울이3 해상풍력 협력의향서'를 체결하여 울산 앞바다에서 부유식 해상풍력단지 개발에 나선다. 이 프로젝트는 2030년까지 1.5GW 규모로 조성될 예정이며, 부유식 해상풍력 기술을 통해 해안가 설치 공간 부족 문제를 해결할 수 있다. LS전선은 국내 최초로 부유식 해상풍력용 다이내믹 해저 케이블을 개발하여 국제 인증을 받았으며, 이는 높은 파도와 강한 조류에도 안정적으로 전력을 전달할 수 있는 고난도 기술이다. 또한, LS전선은 자회사 LS마린솔루션과 협력하여 해상풍력 밸류체인을 강화하고 시장 경쟁력을 높이고 있다. 구본규 LS전선 대표는 이러한 기술력이 한국 부유식 해상풍력 산업의 경쟁력을 강화하고 글로벌 시장 선점에 기여할 것이라고 강조했다.",2024-11-20,0.12868611703452187,0.0003912091924576089,0.8709226906299591
"&quot;추운 겨울 따뜻하게&quot;...<b>LS</b>일렉트릭, 지역 취약계층에 패딩 나눔","LS일렉트릭은 11년째 지역 취약계층을 위해 방한용품을 기부하며 따뜻한 정을 나누고 있습니다. 올해는 안양시노인종합복지관을 통해 저소득 독거노인 250여 명에게 약 5000만 원 상당의 방한의류와 방한화를 전달했습니다. 이 행사는 회사의 '사회공헌의 기본은 지역에 대한 기여'라는 인식을 바탕으로 진행되고 있습니다. LS일렉트릭은 2014년부터 다양한 계층과 시즌에 맞춘 지원 프로그램을 시행해 왔습니다. 또한, 지역사회와 협력하여 환경문제 해결과 미래세대 후원을 위한 다양한 사회공헌 캠페인도 진행하고 있습니다.",2024-11-20,0.5425807265564799,0.1569822331890464,0.3004370679496787
‘PF 미공개 정보 이용’ <b>LS</b>증권 전 임원 등 영장 청구,"검찰은 LS증권 전직 본부장 A씨 등 3명을 '직무상 정보 사적 이용' 혐의로 수사 중입니다. 서울중앙지검 반부패수사3부는 이들에 대해 자본시장법 위반과 특정경제범죄 가중처벌법상 배임 혐의로 구속영장을 청구했습니다. 이들은 직무상 알게 된 미공개 정보를 이용해 부동산 프로젝트파이낸싱 사업을 직접 시행한 혐의를 받고 있습니다. 또한, PF 대출금 830억 원을 시행사 외부로 유출해 취득한 혐의도 받고 있습니다. 검찰은 이러한 혐의에 대해 철저히 수사할 계획입니다.",2024-11-22,0.002855001774150878,0.012019462141324766,0.9851255536079406
'<b>LS</b>전선 기술유출' 의혹…대한전선 또 압수수색,"경찰은 대한전선이 LS전선의 해저용 및 장거리 초고압직류송전 공장 설계 노하우를 부정하게 입수했다는 의혹을 조사하기 위해 대한전선 공장을 세 번째로 압수수색했다. 이번 수사는 대한전선이 LS전선의 기술을 자사 새 공장에 적용했는지 여부를 확인하기 위한 것이다. 경찰은 대한전선과 가운종합건축사무소가 LS전선의 설계 노하우를 유출했을 가능성을 조사하고 있으며, 대한전선의 임원진 개입 여부도 살펴보고 있다. LS전선은 기술 유출이 사실로 밝혀질 경우 모든 법적 조치를 취할 것이라고 경고했다. 대한전선은 자사의 오랜 경험과 기술력을 강조하며, 기술 탈취 의혹을 부인하고 있다.",2024-11-22,0.00014882754185236992,0.0005571562942350283,0.9992940425872803
"검찰, ‘PF 미공개 정보 이용’ <b>LS</b>증권 전 임직원 구속영장","검찰은 LS증권 전직 본부장 A씨 등 3명을 직무상 정보를 사적으로 이용한 혐의로 구속영장을 청구했습니다. 이들은 미공개 정보를 활용해 부동산 프로젝트 파이낸싱(PF) 사업을 진행하고, PF 대출금 830억 원을 외부로 유출한 혐의를 받고 있습니다. 금융감독원은 A씨가 PF 대출을 주선한 후 전환사채 매각 대금 명목으로 500억 원을 받거나 여러 시행사에 고금리로 금전을 대여한 정황을 포착해 검찰에 수사를 의뢰했습니다. 검찰은 LS증권과 현대건설 본사 등 10여 곳을 압수수색하며 사실관계를 조사했습니다. A씨 등에 대한 구속 여부 심사는 27일 서울중앙지법에서 진행될 예정입니다.",2024-11-22,0.0018604467739351093,0.010124518678640015,0.9880150079727172
"부유식 ‘다이내믹 해저케이블’ <b>LS</b>전선, 국내 첫 상용화 추진","LS전선은 덴마크의 CIP와 협력하여 울산 앞바다에서 부유식 해상풍력 프로젝트를 추진하고 있습니다. 이 프로젝트는 2030년까지 1.5GW 규모로 조성될 예정이며, LS전선은 국내 최초로 부유식 해상풍력용 다이내믹 해저 케이블을 개발하여 상용화에 나섰습니다. 부유식 해상풍력은 터빈을 해저에 고정하지 않고 부유물 위에 설치하는 방식으로, 해안가 설치 공간 부족 문제를 해결할 수 있는 대안으로 주목받고 있습니다. LS전선은 자회사 LS마린솔루션과의 협력을 통해 해상풍력 밸류체인을 강화하고 있으며, 이를 통해 시장 경쟁력을 높이고 있습니다. 구본규 LS전선 대표는 이러한 기술력이 한국 부유식 해상풍력 산업의 경쟁력을 강화하고 글로벌 시장 선점에 기여할 것이라고 강조했습니다.",2024-11-20,0.19968770787527318,0.00019671838090289383,0.8001156006474048
"<b>LS</b>일렉트릭, 안양 지역 취약계층에 방한복 전달","LS일렉트릭은 안양시노인종합복지관을 통해 저소득 독거노인 250여 명에게 약 5000만 원 상당의 방한의류와 방한화를 기부했습니다. 이 행사는 'LS일렉트릭과 함께하는 온기 가득 방한복 나눔'이라는 이름으로 진행되었으며, 올해로 11회째를 맞이했습니다. LS일렉트릭은 2014년부터 지역 내 소외계층을 위한 맞춤형 지원 프로그램을 지속적으로 시행하고 있습니다. 또한, LS일렉트릭은 환경문제 해결과 미래세대 후원을 위한 다양한 사회공헌 캠페인도 연중 진행하고 있습니다. 회사는 앞으로도 사회공헌활동을 확대하고, 구성원이 나눔을 실천할 수 있는 프로그램을 마련할 계획입니다.",2024-11-20,0.6825859306380153,0.005960260157007724,0.311453805572819
"<b>LS</b>전선, CIP와 국내 최대 부유식 해상풍력 협력의향서 체결","LS전선은 울산 부유식 해상풍력단지에 해저 케이블을 공급하기 위해 글로벌 투자개발사들과 협력을 확대하고 있습니다. 이 회사는 덴마크의 그린에너지 투자개발사 CIP와 '해울이3 해상풍력 협력의향서'를 체결하며, 1.5GW 규모의 대규모 부유식 해상풍력 프로젝트에 참여하고 있습니다. 부유식 해상풍력은 터빈을 해저에 고정하지 않고 부유물 위에 설치하는 방식으로, 해안가 설치 공간 부족 문제를 해결할 수 있는 대안으로 주목받고 있습니다. LS전선은 국내 최초로 부유식용 다이내믹 해저 케이블을 개발하고 국제 인증을 취득했으며, 자회사와의 협력을 통해 해상풍력 밸류체인을 강화하고 있습니다. 정부는 2026년까지 2.5~3GW 규모의 부유식 해상풍력 입찰 계획을 발표했으며, LS전선은 이에 맞춰 글로벌 개발사와의 협력을 강화하고 있습니다.",2024-11-20,0.12646252558915877,0.0005909327155677602,0.8729465067386627
"<b>LS</b>전선, 덴마크 CIP와 국내 최대 부유식 해상풍력 협력의향서 체결","울산 앞바다에 조성되는 '해울이 해상풍력' 프로젝트는 총 1.5기가와트 규모의 부유식 해상풍력단지로, 2030년까지 울산 연안에서 약 80km 떨어진 해상에 설치될 예정이다. 이 프로젝트는 터빈을 해저에 고정하지 않고 부유물 위에 설치하는 방식으로, 해안가 설치 공간 부족 문제를 해결할 것으로 기대된다. LS전선은 이 프로젝트에 필요한 해저 케이블을 공급하기 위해 덴마크의 그린에너지 투자개발사 CIP와 협력의향서를 체결했다. LS전선은 국내 최초로 부유식용 다이내믹 해저 케이블을 개발하고 국제 인증을 취득했으며, 자회사와의 협업을 통해 해상풍력 밸류체인 구축을 강화하고 있다. LS전선과 해울이해상풍력발전은 이번 협력을 통해 한국 해상풍력 산업의 경쟁력을 높이고 글로벌 시장에서의 선점을 목표로 하고 있다.",2024-11-20,0.08428108773077839,0.0010228303348412738,0.9146960616111756
"<b>LS</b>일렉트릭, 안양 독거노인에 방한용품 250세트 전달","LS일렉트릭은 경기도 안양시노인종합복지관에서 저소득 독거노인 약 250명에게 5천만 원 상당의 방한용품을 전달하는 '온기 가득 방한복 나눔' 행사를 개최했습니다. 이 행사는 2014년 시작되어 올해로 11회째를 맞이하며, LS일렉트릭은 이를 통해 지역사회에 기여하는 사회공헌활동을 지속적으로 이어오고 있습니다. LS일렉트릭은 방한복 나눔 외에도 계절별 맞춤형 지원을 통해 다양한 계층에 실질적인 도움을 제공하고 있습니다. 또한, 환경 보존 캠페인과 아동 후원 프로그램 등 ESG 경영을 실천하는 다양한 활동을 전개하고 있습니다. LS일렉트릭은 앞으로도 지역사회와 함께하는 사회공헌활동을 확대해 기업의 사회적 책임을 다할 계획입니다.",2024-11-20,0.7255933744211992,0.004407948484489073,0.26999866010737605
"<b>LS</b>證, 비전 연계 사회공헌 진행…임직원 200여 명 참여","LS증권은 '담대한 도전, 내일의 가치를 만들어가는 LS증권'이라는 새로운 비전을 내재화하기 위해 사업부별로 사회공헌 활동을 진행했습니다. 이 활동은 리서치, 경영지원, 리테일 등 여러 사업부를 5개 부문으로 묶어 진행되었으며, 여의도 샛강 생태공원 무장애길 보수, 소외계층 아동을 위한 케이크 만들기, 현충원 참배 및 묘역 정화 등 다양한 활동이 포함되었습니다. 10월부터 11월까지 진행된 이 활동에는 LS증권 임직원 200여 명이 참여했습니다. 참여한 임직원들은 동료들과의 협동심을 다지고, 사회공헌 활동에 대한 관심이 생겼으며, 회사의 비전을 나눌 수 있어 뜻깊었다고 소감을 밝혔습니다. LS증권은 앞으로도 비전을 내재화하고 선한 영향력을 전하기 위해 더 좋은 사회공헌 활동을 추진할 계획입니다.",2024-11-21,0.6254995005670935,0.0009620561148039996,0.3735384730505757
"<b>LS</b>전선·<b>LS</b>마린솔루션, 태안해상풍력 해저케이블 우선협상자","LS전선과 LS마린솔루션이 충남 태안해상풍력의 해저케이블 공급 우선협상대상자로 선정되었습니다. 이 프로젝트는 싱가포르 기반의 뷔나에너지가 태안군 근흥면 인근 해상에 약 500㎿ 규모로 조성할 계획이며, 2029년 완공을 목표로 하고 있습니다. LS전선은 해저케이블 공급을, LS마린솔루션은 시공을 담당하며, 설계부터 생산, 시공까지 통합 솔루션을 제공하여 프로젝트의 효율성과 안정성을 높일 계획입니다. LS전선은 독보적인 기술력으로 국내 해상풍력 산업 발전과 글로벌 시장 선점에 기여하겠다는 포부를 밝혔습니다. 태안풍력발전의 정광진 대표는 LS전선의 우수한 기술과 실적이 프로젝트 성공의 중요한 기반이 될 것이라고 강조했습니다.",2024-11-21,0.7802503277081996,0.0006132246475317515,0.2191364195663482
"<b>LS</b>전선·<b>LS</b>마린솔루션, 태안해상풍력 해저케이블 우선협상대상자 선정","LS전선과 LS마린솔루션이 충남 태안해상풍력의 해저 케이블 공급 우선협상대상자로 선정되었습니다. 태안해상풍력은 싱가포르의 재생에너지 기업 뷔나에너지가 태안군 근흥면 해상에 500메가와트 규모로 조성하는 대규모 해상풍력 단지입니다. 이 프로젝트는 2029년 완공을 목표로 하고 있으며, LS전선은 해저 케이블 공급을, LS마린솔루션은 시공을 맡아 통합 솔루션을 제공할 예정입니다. LS전선은 LS마린솔루션과의 협력을 통해 프로젝트의 효율성과 안정성을 극대화할 계획입니다. 태안풍력발전의 정광진 대표는 LS전선의 기술력과 실적이 프로젝트 성공의 중요한 기반이 될 것이라고 언급했습니다.",2024-11-21,0.6577281129080802,0.0016519969824003056,0.34061988242901864
"울산앞 부유식 해상풍력 사업 <b>LS</b>전선, 덴마크 CIP와 협력",LS전선은 울산 앞바다의 부유식 해상풍력단지에 해저 케이블을 공급하기 위해 덴마크의 그린에너지 투자개발사 CIP와 협력의향서를 체결했다. CIP는 울산 연안에서 약 80㎞ 떨어진 해상에 2030년까지 해울이해상풍력발전을 운영할 계획이다. 해울이해상풍력발전은 총 1.5GW 규모의 부유식 해상풍력단지 3개의 발전사업 허가를 이미 획득했다. 이번 협력의향서를 통해 LS전선과 CIP는 해울이3 해상풍력 프로젝트에 우선적으로 협력하기로 했다. 부유식 해상풍력은 터빈을 해저에 고정하지 않고 부유물 위에 설치하여 깊은 바다에서도 발전할 수 있는 방식이다.,2024-11-20,0.1928961022233125,0.00035617171961348503,0.8067477099597454
"<b>LS</b>전선, 덴마크 CIP와 국내 최대 부유식 해상풍력 협력의향서 체결","LS전선은 울산 앞바다에서 조성되는 부유식 해상풍력단지에 해저 케이블을 공급하기 위해 글로벌 투자개발사들과 협력을 확대하고 있습니다. 덴마크의 그린에너지 투자개발사 CIP와 '해울이3 해상풍력 협력의향서'를 체결했으며, 이는 해울이 해상풍력 3 프로젝트와 관련된 것입니다. 해울이 해상풍력 프로젝트는 총 1.5GW 규모로, 2030년까지 울산 연안에서 약 80km 떨어진 해상에 조성될 예정입니다. 부유식 해상풍력은 터빈을 해저에 고정하지 않고 부유물 위에 설치해 깊은 바다에서도 발전할 수 있는 방식으로, 해안가 설치 공간 부족 문제를 해결할 대안으로 주목받고 있습니다. LS전선은 노르웨이 에퀴노르社와도 협력을 강화하고 있으며, 이러한 기술력은 한국 부유식 해상풍력 산업의 경쟁력을 강화하고 글로벌 시장 선점에도 기여할 것으로 기대됩니다.",2024-11-20,0.39882144080766013,0.00021657281758962198,0.6009619897115044
"[속보]檢, 'PF 미공개 정보 이용' <b>LS</b>증권 임직원 3명 구속영장 청구",죄송하지만 제공된 텍스트가 너무 짧고 구체적인 내용이 부족하여 요약을 제공할 수 없습니다. 추가적인 정보나 내용을 제공해 주시면 도움이 될 것 같습니다.,2024-11-22,0.008776218513958156,0.0031856485875323415,0.9880380928516388
"<b>LS</b>전선, CIP와 국내 최대 부유식 해상풍력 협력의향서 체결","LS전선은 국내 최초로 부유식 해상풍력용 다이내믹 해저 케이블을 개발하여 상용화를 추진하고 있습니다. 이 회사는 덴마크의 그린에너지 투자개발사 CIP와 협력하여 울산 앞바다에 1.5GW 규모의 부유식 해상풍력단지를 조성할 계획입니다. 부유식 해상풍력은 터빈을 해저에 고정하지 않고 부유물 위에 설치하여 깊은 바다에서도 발전할 수 있는 방식으로, 해안가 설치 공간 부족 문제를 해결할 수 있는 대안으로 주목받고 있습니다. LS전선은 자회사 LS마린솔루션과의 협력을 통해 해상풍력 밸류체인을 강화하고 있으며, 글로벌 시장에서도 경쟁력을 높이고자 노력하고 있습니다. 정부는 2026년까지 2.5~3GW 규모의 부유식 해상풍력 입찰 계획을 발표했으며, LS전선은 이에 맞춰 글로벌 개발사와의 협력을 강화하고 있습니다.",2024-11-20,0.001412174612050876,0.0002198303787736222,0.998367989063263
"<b>LS</b>일렉트릭, 안양지역 저소득 노인에 5000만원 상당 방한복 나눔","LS일렉트릭은 2014년부터 지역 사회에 기여하기 위해 다양한 사회공헌 활동을 진행하고 있습니다. 올해로 11회째를 맞이한 '온기 가득 방한복 나눔 행사'를 통해 경기도 안양시의 저소득 독거노인 250여 명에게 약 5000만 원 상당의 방한의류와 방한화를 기부했습니다. 이 행사는 추운 겨울철에 어려운 이웃들이 따뜻하게 지낼 수 있도록 돕기 위한 것입니다. LS일렉트릭은 방한복 전달 외에도 명절 도시락 선물, 여름철 냉방용품 및 겨울철 난방용품 기부 등 다양한 활동을 통해 지역 사회에 기여하고 있습니다. 앞으로도 사회공헌활동을 확대하고, 구성원이 나눔을 실천할 수 있는 프로그램을 마련하여 기업의 사회적 책임을 다할 계획입니다.",2024-11-20,0.5874369667726569,0.016778910407447258,0.3957841374154668
"“직원 50명, 1년 360만원에 GPT 쓴다”…<b>LS</b>그룹도 도입한 웍스AI","웍스AI는 기존의 챗GPT 기업용 버전보다 85~90% 저렴한 비용으로 제공되는 한국형 AI 솔루션으로, 사용량 기반의 종량제 모델을 통해 비용 절감을 실현하고 있습니다. LS그룹과 서울시교육청 등 다양한 기관에서 도입하여 연간 비용을 크게 절감하고 있으며, 중소기업을 대상으로 연말까지 기본료 무료 이벤트를 진행 중입니다. 웍스AI는 여러 AI 기술을 활용하여 성능을 최적화하고, 직장인들이 쉽게 사용할 수 있도록 43종의 AI앱을 제공하여 복잡한 프롬프트 없이도 다양한 업무를 지원합니다. 보안 문제에 대해서도 철저히 대응하며, 설치형 버전과 클라우드 서비스를 통해 기업 맞춤형 AI 구축이 가능합니다. 웍스AI는 중소기업을 주요 타깃으로 하여 다양한 고객의 요구를 충족시키고 있으며, KT-MS와의 경쟁 속에서도 자신감을 보이고 있습니다.",2024-11-21,0.6067303445190191,0.0006973625801037997,0.39257228425703944
"경찰, '<b>LS</b>전선 영업비밀 유출 의혹' 대한전선 3차 압수수색",LS전선의 핵심 영업비밀이 경쟁사인 대한전선으로 유출되었다는 의혹이 제기되어 경찰이 수사에 나섰습니다. 경기남부경찰청 산업기술안보수사대는 대한전선의 충남 당진 공장을 세 번째로 압수수색하며 수사를 진행 중입니다. 경찰은 LS전선의 고전압 해저 케이블 기술이 건축 설계업체를 통해 유출된 정황을 포착했습니다. 이에 따라 대한전선과 해당 건축 설계업체 관계자들은 부정경쟁방지법 위반 혐의로 입건되었습니다. 경찰은 추가적인 증거를 확보하기 위해 강제수사를 이어가고 있습니다.,2024-11-22,0.00018974398262798785,0.2000384785904316,0.799771774513647
미운오리의 개과천선…웃는 SK하이닉스·<b>LS</b>·CGV,"SK하이닉스, LS, CJ CGV의 해외 계열사들이 올해 흑자 전환에 성공하며 기업공개(IPO) 가능성이 제기되고 있습니다. SK하이닉스의 솔리다임은 인공지능 데이터센터 수요 증가로 eSSD 판매가 급증하며 실적이 개선되고 있으며, 미국 증시 상장 가능성이 논의되고 있습니다. LS의 슈페리어에섹스는 전기차용 구동모터 특수 구리 전선 공급을 통해 흑자 행진을 이어가고 있으며, 자회사 에식스솔루션즈의 IPO를 추진 중입니다. CJ CGV의 베트남법인은 코로나19 여파로 인한 적자를 극복하고 흑자 전환에 성공했으며, CGI홀딩스의 홍콩 증시 상장이 탄력을 받을 전망입니다. 그러나 각 회사는 자본잠식 상태를 벗어나기 위한 여러 난관을 해결해야 하며, IPO 시점에 대한 협의가 진행 중입니다.",2024-11-22,0.00016072547296062112,0.00015664319507777691,0.9996826529502869
"<b>LS</b>전선·마린솔루션, 태안해상풍력 해저케이블 우선협상대상자 선정","LS전선과 LS마린솔루션이 충남 태안해상풍력 사업의 해저케이블 공급 우선협상대상자로 선정되었습니다. 태안해상풍력은 싱가포르 기반의 재생에너지 기업 뷔나에너지가 충남 태안군 근흥면 인근 해상에 약 500메가와트 규모로 조성하는 프로젝트로, 2029년 완공을 목표로 하고 있습니다. LS전선은 해저케이블 공급을, LS마린솔루션은 시공을 맡아 프로젝트의 효율성과 안정성을 극대화할 계획입니다. 정부는 2026년까지 총 7~8GW의 해상풍력 입찰 계획을 발표했으며, LS전선은 이에 맞춰 글로벌 해상풍력 개발사들과 협력을 강화하고 있습니다. 태안해상풍력 프로젝트를 전담하는 정광진 대표는 LS전선의 기술력과 실적이 프로젝트 성공의 중요한 기반이 될 것이라고 강조했습니다.",2024-11-21,0.5407137744128704,0.0010456392221385614,0.4582405888126232
"검찰, ‘PF 대출 830억’ 외부 유출 <b>LS</b>증권 전 임원 등 구속영장","검찰은 LS증권 전직 본부장 A씨 등 3명을 직무상 정보를 사적으로 이용한 혐의로 수사 중입니다. 이들은 미공개 정보를 활용해 부동산 프로젝트파이낸싱 사업을 직접 시행하고, 대출금 830억 원을 외부로 유출한 혐의를 받고 있습니다. 금융감독원의 의뢰로 수사가 시작되었으며, 검찰은 LS증권과 현대건설 본사 등 10여 곳을 압수수색했습니다. A씨는 대출 주선 후 시행사로부터 전환사채 매각 대금 명목으로 500억 원을 받았다는 의혹이 있습니다. 또한, 여러 시행사에 고금리로 금전을 대여한 정황도 포착되어 수사가 진행 중입니다.",2024-11-22,0.00017934873758349568,0.00030551673989975825,0.9995151042938233
"<b>LS</b>전선, 덴마크 CIP와 국내최대 부유식해상풍력 LOI…구본규 &quot;글로벌 시...","LS전선은 국내 최초로 부유식용 다이내믹 해저 케이블을 개발하여 국제 인증을 취득하고, 이를 통해 국내 부유식 해상풍력 산업의 경쟁력을 강화하고자 하고 있습니다. 이 회사는 덴마크의 그린에너지 투자개발사 CIP와 협력하여 울산 앞바다에 조성되는 1.5GW 규모의 부유식 해상풍력단지에 해저 케이블을 공급할 계획입니다. 부유식 해상풍력은 터빈을 해저에 고정하지 않고 부유물 위에 설치하는 방식으로, 해안가 설치 공간 부족 문제를 해결할 수 있는 대안으로 주목받고 있습니다. LS전선은 자회사 LS마린솔루션과의 협력을 통해 해상풍력 밸류체인을 강화하며 시장 경쟁력을 높이고 있으며, 글로벌 시장 선점에도 기여할 것으로 기대하고 있습니다. 정부는 2026년까지 2.5~3GW 규모의 부유식 해상풍력 입찰 계획을 발표하며, LS전선은 글로벌 개발사와의 협력을 지속적으로 강화하고 있습니다.",2024-11-20,0.00040503572672605513,0.00018757374491542577,0.9994073867797851
"檢, '미공개 정보 이용' <b>LS</b>증권 임직원 3명 구속영장 청구","검찰은 LS증권의 전 임직원 3명이 직무상 미공개 정보를 이용해 부당 이익을 챙긴 혐의로 구속영장을 청구했다. 이들은 부동산 프로젝트파이낸싱(PF) 사업과 관련된 정보를 이용해 830억원의 PF 대출금을 외부로 유출한 혐의를 받고 있다. 서울중앙지검 반부패수사3부는 자본시장법 위반 및 특정경제범죄 가중처벌 등에 관한 법률 위반 혐의로 이들을 조사 중이다. 이번 수사는 금융감독원의 수사 의뢰에 따라 진행되었으며, 검찰은 지난달 LS증권과 현대건설 본사 등 10여 곳을 압수수색했다. 이 사건은 금융권의 내부 정보 유출과 관련된 부정 행위에 대한 경각심을 일깨우고 있다.",2024-11-22,0.00016207603039219975,0.0005436216510133818,0.9992942929267883
"<b>LS</b>일렉트릭, 독거노인 250여명에 패딩점퍼 등 방한용품 전달","LS일렉트릭은 안양시노인종합복지관을 통해 저소득 독거노인 250여 명에게 약 5000만원 상당의 방한의류와 방한화를 기부하는 행사를 진행했습니다. 이 행사는 LS일렉트릭의 '사회공헌의 기본은 지역에 대한 기여'라는 인식 아래, 추운 겨울 어려운 이웃의 월동준비를 돕기 위해 마련되었습니다. LS일렉트릭은 2014년부터 각 사업장 지역의 저소득 소외계층을 대상으로 방한복 전달, 명절 도시락 선물, 냉방 및 난방용품 기부 등 맞춤형 지원 프로그램을 시행하고 있습니다. 또한, 지역사회 및 시민단체와 연계하여 생태보존 및 환경문제 해결을 위한 다양한 사회공헌 캠페인을 진행하고 있습니다. LS일렉트릭은 앞으로도 사회공헌활동을 확대하고 구성원이 나눔을 실천할 수 있는 다양한 프로그램을 마련할 계획입니다.",2024-11-20,0.4979758312925696,0.04089716586750001,0.4611269650282338
"<b>LS</b>일렉트릭 직류 배선차단기, '세계일류상품' 인증","LS ELECTRIC의 직류 배선차단기(DC MCCB)가 '차세대 세계일류상품'에서 '현재 세계일류상품'으로 승격되었습니다. 이 제품은 직류 전원 계통에서 사고 전류를 안정적으로 차단하여 주요 설비를 보호하며, 태양광 발전 및 에너지저장장치 등 다양한 애플리케이션에 적합합니다. DC MCCB는 유럽과 미국 시장을 겨냥해 IEC와 UL 인증을 취득하여 글로벌 시장에서 경쟁력을 확보했습니다. '세계일류상품' 인증은 산업통상자원부와 KOTRA가 주관하며, 세계 시장 점유율 5위 이내 또는 5% 이상을 충족한 제품에 수여됩니다. LS일렉트릭은 지속적인 연구개발을 통해 기술 경쟁력을 강화하고, 글로벌 시장에서의 입지를 확대할 계획입니다.",2024-11-20,0.1999314398446586,0.00045338032359723004,0.7996151971630752
"<b>LS</b>일렉 직류 배선차단기, '현재 세계일류상품'으로 승격","LS ELECTRIC의 직류용 배선차단기(DC MCCB)가 '차세대 세계일류상품'에서 '현재 세계일류상품'으로 승격되었습니다. 이 제품은 DC 전원 계통에서 사고 전류를 안정적으로 차단하여 전력계통의 부하 설비를 보호하는 고성능 차단기로, 최대 DC 1500V 시스템에서 사용 가능하며 다양한 정격을 지원합니다. LS ELECTRIC은 DC MCCB의 기술과 경쟁력을 강화하여 세계 시장 점유율 5위 이내 및 5% 이상의 기준을 충족시켰고, 그 결과 '현재 세계일류'로 승격되었습니다. 이 인증은 산업통상자원부가 주관하고 KOTRA가 운영·지원하는 사업으로, 국내 기업의 글로벌 시장 진출과 경쟁력 강화를 위해 2001년부터 시작되었습니다. LS ELECTRIC은 글로벌 신재생에너지 시장의 확대에 맞춰 북미, 유럽, 아시아 등 세계 시장을 대상으로 DC MCCB와 스마트에너지 솔루션을 확대해 나갈 계획입니다.",2024-11-20,0.20017195111431646,0.0008088098344160244,0.7990192454308271
"<b>LS</b>전선·<b>LS</b>마린솔루션, 태안해상풍력에 해저케이블 공급","LS전선과 LS마린솔루션이 충남 태안해상풍력의 해저케이블 공급 우선협상대상자로 선정되었습니다. 이 프로젝트는 싱가포르 기반의 뷔나에너지가 태안군 근흥면 인근 해상에 약 500MW 규모로 조성할 계획이며, 2029년 완공을 목표로 하고 있습니다. LS전선은 해저케이블 공급을, LS마린솔루션은 시공을 담당하여 설계부터 생산, 시공까지 통합 솔루션을 제공합니다. 이를 통해 프로젝트의 효율성과 안정성을 높일 계획입니다. LS전선은 독보적인 기술력으로 국내 해상풍력 산업 발전과 글로벌 시장 선점에 기여하겠다는 포부를 밝혔습니다.",2024-11-21,0.5828838777844794,0.0005568648892221972,0.4165592329343781
"<b>LS</b>증권, 22일 세종대서 ‘대학생 주식투자 강연회’ 개최","LS증권은 세종대학교에서 대학생을 위한 주식투자 강연회를 개최한다. 이번 강연회는 주식 투자 정보와 증권사 취업 멘토링을 제공하는 오프라인 행사로, 11월 22일에 열린다. 강연은 두 세션으로 나뉘어 진행되며, 염승환 이사와 강승희 테이바 랩스 대표가 각각 주도주 찾기와 글로벌 상품 투자에 대해 강연한다. 참석자에게는 FM스쿨 온라인 구독권과 간식이 제공되며, 추첨을 통해 다양한 경품도 증정된다. 참가 신청은 FM스쿨 홈페이지에서 선착순 150명까지 가능하다.",2024-11-19,0.7440417412668466,0.045987133744347375,0.20997111120086628
"<b>LS</b>일렉트릭 직류 배선차단기, `현재 세계일류상품`으로 승격","LS일렉트릭의 직류 배선차단기(DC MCCB)가 '차세대 세계일류상품'에서 '현재 세계일류상품'으로 승격되었습니다. 이 제품은 직류 전원 계통에서 사고 전류를 안정적으로 차단하여 주요 설비를 보호하며, 태양광 발전과 에너지저장장치 등 다양한 애플리케이션에 적합합니다. DC MCCB는 최대 1500V 시스템과 65kV 차단 용량을 지원하며, 콤팩트한 설계로 설치 효율성을 높였습니다. LS일렉트릭은 이 제품으로 유럽과 미국 시장을 겨냥해 IEC와 UL 인증을 취득하여 글로벌 시장에서 경쟁력을 확보했습니다. '세계일류상품' 인증은 산업통상자원부와 KOTRA가 주관하며, LS일렉트릭은 지속적인 연구개발을 통해 기술력과 시장 점유율을 높여 이 인증을 획득했습니다.",2024-11-20,0.08848697828361765,0.001473302039084956,0.9100397109985352
"<b>LS</b>전선·<b>LS</b>마린솔루션, 태안해상풍력 해저케이블 우협 선정","LS전선과 LS마린솔루션이 충남 태안해상풍력의 해저케이블 공급 우선협상대상자로 선정되었습니다. 태안해상풍력은 싱가포르 기반의 뷔나에너지가 충남 태안군 근흥면 인근에 약 500㎿ 규모로 조성하는 대규모 해상풍력 단지로, 2029년 완공을 목표로 하고 있습니다. LS전선은 해저케이블 공급을, LS마린솔루션은 시공을 맡아 설계부터 생산, 시공까지 통합 솔루션을 제공할 예정입니다. 회사 관계자는 LS마린솔루션과의 협력을 통해 국내 해상풍력 산업 발전과 글로벌 시장 선점에 기여하겠다고 밝혔습니다. 정광진 태안풍력발전 대표는 LS전선의 기술력과 실적이 프로젝트의 성공적인 실행을 위한 중요한 기반이 될 것이라고 강조했습니다.",2024-11-21,0.37225053147994913,0.0011921415658434852,0.6265573143959046
"<b>LS</b>일렉트릭 직류 배선차단기, ‘현재 세계일류상품’ 승격","LS일렉트릭의 DC MCCB(직류용 배선차단기)가 '차세대 세계일류상품'에서 '현재 세계일류상품'으로 승격되었습니다. 이 제품은 DC 전원 계통에서 사고 전류를 안정적으로 차단하여 전력계통의 부하 설비를 보호하는 고성능 차단기입니다. DC MCCB는 최대 DC 1500V 시스템에서 사용 가능하며, 다양한 정격을 지원하고 세계 최고 수준의 차단 용량을 자랑합니다. 이 제품은 태양광 발전, ESS, 비상 전원 장치 등 직류 전원 애플리케이션에 최적화되어 있으며, 유럽과 미국 시장을 타겟으로 IEC와 UL 인증을 획득했습니다. LS일렉트릭은 글로벌 신재생에너지 시장의 확대에 맞춰 북미, 유럽, 아시아 등 세계 시장에서 DC MCCB를 포함한 스마트에너지 솔루션을 확대할 계획입니다.",2024-11-20,0.0006505579280201345,0.00021677293989341706,0.9991327047348022
"<b>LS</b>전선, CIP와 국내 최대 부유식 해상풍력 LOI 체결","LS전선은 울산 앞바다에서 조성되는 부유식 해상풍력단지에 해저 케이블을 공급하기 위해 글로벌 투자개발사들과 협력을 확대하고 있습니다. 덴마크의 그린에너지 투자개발사 CIP와 협력의향서를 체결하여, 1.5GW 규모의 해울이 해상풍력 프로젝트를 추진하고 있습니다. 부유식 해상풍력은 터빈을 해저에 고정하지 않고 부유물 위에 설치하는 방식으로, 해안가 설치 공간 부족 문제를 해결할 수 있는 대안으로 주목받고 있습니다. LS전선은 국내 최초로 부유식용 다이내믹 해저 케이블을 개발하고, 국제 인증을 취득하여 시장 경쟁력을 높이고 있습니다. 정부는 2026년까지 총 2.5~3GW 규모의 부유식 해상풍력 입찰 계획을 발표했으며, LS전선은 이에 맞춰 글로벌 개발사와의 협력을 강화하고 있습니다.",2024-11-20,0.2002026178612141,0.00028186597628518937,0.7995155212469399
"<b>LS</b>마린솔루션-<b>LS</b>전선, 태안해상풍력 해저케이블 우선협상대상자 선정","LS전선과 LS마린솔루션이 충남 태안해상풍력의 해저케이블 공급 우선협상대상자로 선정되었습니다. 태안해상풍력은 싱가포르 기반의 뷔나에너지가 충남 태안군 근흥면 인근에 약 500MW 규모로 조성하는 대규모 해상풍력 단지로, 2029년 완공을 목표로 하고 있습니다. LS전선은 해저케이블 공급을, LS마린솔루션은 시공을 맡아 설계부터 생산, 시공까지 통합 솔루션을 제공하여 프로젝트의 효율성과 안정성을 극대화할 계획입니다. 이들은 축적된 글로벌 경험과 국내 최장 해저케이블 시공 역량을 바탕으로 해상풍력 시장에서 차별화된 경쟁력을 발휘하고 있습니다. 정부는 2026년까지 총 7~8GW의 해상풍력 입찰 계획을 발표했으며, LS전선은 글로벌 해상풍력 개발사들과 협력을 강화하여 국내 해상풍력 시장에서 선도적인 역할을 이어가고 있습니다.",2024-11-21,0.3986933576874435,0.0010442283703014255,0.6002623915323057
"<b>LS</b>일렉트릭, 안양시 독거노인 250여명에 방한용품 전달","LS일렉트릭은 안양시노인종합복지관을 통해 저소득 독거노인 250여 명에게 약 5000만원 상당의 방한의류와 방한화를 기부하는 행사를 진행했습니다. 이 행사는 2014년 시작되어 올해로 11회째를 맞이하며, 회사의 지역 사회 기여를 위한 사회공헌 활동의 일환으로 마련되었습니다. LS일렉트릭은 이상기온으로 인한 한파에 대비해 방한용품이 도움이 되길 바란다고 밝혔습니다. 또한, 앞으로도 사회공헌활동을 확대하고 구성원이 나눔을 실천할 수 있는 다양한 프로그램을 마련할 계획이라고 전했습니다. 이 행사는 추운 겨울 어려운 이웃의 월동 준비를 돕기 위한 목적으로 진행되었습니다.",2024-11-20,0.7809039015322924,0.08273045619716868,0.1363656358094886
"<b>LS</b>그룹 세종전선-가온전선, 12억 규모 상품·용역 거래","세종전선은 가온전선과 12억 원 규모의 상품 및 용역 거래 계약을 체결했습니다. 이 거래는 세종전선의 지난해 매출의 2.04%에 해당합니다. 세종전선은 가온전선과의 전선류 수의계약을 통해 8억 원의 매출을 올렸습니다. 또한, 4억 원 규모의 원재료를 매입했습니다. 이번 거래는 10월 18일부터 11월 31일까지 진행됩니다.",2024-11-20,0.0003543706116033718,0.00018813125789165496,0.9994575023651123
피크아웃 K농슬라…대동·TYM·<b>LS</b>엠트론 실적 '흐림',"국내 농기계 회사인 대동, LS엠트론, TYM은 3분기 실적이 부진했으며, 이는 북미 시장의 어려움과 판촉비 및 해상운임비 증가 때문으로 분석됩니다. 대동과 TYM은 영업적자를 기록했으며, LS엠트론은 매출 증가와 원가율 감소로 상대적으로 양호한 실적을 보였습니다. 판관비는 세 회사 모두 증가했으며, 특히 해상운임비의 급등이 큰 영향을 미쳤습니다. 대동은 북미 시장에서 매출이 증가했지만, 국내 매출은 감소했으며, TYM은 미국 판매가 줄고 국내 판매가 증가했습니다. 4분기는 비수기로 큰 실적 반등은 기대하기 어려우며, 내년 미국 금리 인하가 실적 개선에 긍정적인 영향을 미칠 수 있을 것으로 보입니다.",2024-11-20,0.001331840781494975,0.0004997517564333976,0.9981683969497681
"<b>LS</b>證 “아이에스동서, 3분기 어닝쇼크였지만 내년 대형사업 앞둬...목표...","LS증권은 아이에스동서의 3분기 실적이 기대에 못 미쳤음에도 불구하고, 내년 3조원 규모의 개발 사업이 예정되어 있어 투자의견 '매수'와 목표주가 3만원을 유지했다. 아이에스동서의 3분기 매출액은 예상치에 부합했지만, 영업이익은 크게 하회하여 어닝쇼크를 기록했다. 실적 부진의 원인은 보수적인 분양가 산정과 콘크리트, 이차전지 부문의 업황 둔화로 인한 비용 부담 때문이라고 분석되었다. 아이에스동서는 2023년 이후 신규 분양을 진행하지 않아 당분간 낮은 이익률이 지속될 것으로 보인다. 그러나 경산시 중산지구에서의 대규모 개발사업이 향후 주가 상승의 모멘텀이 될 것으로 기대된다.",2024-11-21,0.00014952337078284473,0.00018799340177793055,0.9996624946594238
<b>LS</b> Cable partners with Denmark’s CIP for offshore wind project,"LS전선은 덴마크의 녹색 에너지 투자 및 개발 회사인 코펜하겐 인프라스트럭처 파트너스(CIP)와 협력하여 한국 울산 앞바다에 부유식 해상 풍력 발전소에 해저 케이블을 공급하기로 했습니다. 두 회사는 수요일에 해우리 3단계 해상 풍력 발전 프로젝트에 대한 의향서를 체결했습니다. CIP는 울산 해안에서 약 80km 떨어진 곳에 위치한 해우리 해상 풍력 발전 프로젝트를 2030년까지 완공할 목표로 개발 중입니다. 이 프로젝트는 총 1.5기가와트의 용량을 가진 세 개의 부유식 풍력 발전소로 구성되어 있으며, 모두 개발 허가를 받았습니다. 해우리 3단계 프로젝트는 이러한 사업 중 첫 번째로, LS전선은 필요한 해저 케이블 인프라를 공급하는 데 중요한 역할을 할 것입니다. 부유식 해상 풍력 기술은 터빈을 해저에 고정하는 대신 부유 플랫폼에 설치하여 더 깊은 바다에서 에너지를 생성할 수 있게 해줍니다.",2024-11-21,0.4998352353674515,0.0001414612913019179,0.500023316439183
"<b>LS</b>, Denmark’s CIP join hands for Ulsan wind power project","LS전선은 글로벌 인프라 투자자들과 협력하여 울산의 부유식 해상 풍력 발전 프로젝트에 해저 케이블을 공급할 계획입니다. 이 회사는 코펜하겐 인프라스트럭처 파트너스(CIP)와 의향서를 체결했으며, CIP의 프로젝트 회사인 해우리 오프쇼어 윈드는 2030년까지 울산 해안에서 1.5기가와트 규모의 부유식 풍력 발전 단지를 개발할 예정입니다. LS전선은 이 프로젝트의 첫 번째 단계인 해우리 오프쇼어 윈드 파워 3에 해저 케이블을 공급하며, 이를 위해 국내 최초의 동적 해저 케이블을 개발하고 새로운 선박을 추가했습니다. LS전선의 구본규 사장은 한국의 부유식 해상 풍력 산업의 경쟁력과 글로벌 입지를 강화하겠다는 의지를 밝혔습니다. 해우리 오프쇼어 윈드의 CEO 조나단 스핑크는 한국 기업들과의 파트너십을 강화하여 공급망을 개선하겠다고 말했습니다.",2024-11-21,0.10127606362220831,0.0006978975492529571,0.8980260610580444
